TIME	RATE	ERROR
51498.17065	1.8	0.42426
51498.17076	1.9	0.43589
51498.17088	1.7	0.41231
51498.171	2.3	0.47958
51498.17111	1.5	0.3873
51498.17123	1.6	0.4
51498.17134	1.7	0.41231
51498.17146	1.3	0.36056
51498.17157	2.0	0.44721
51498.17169	1.6	0.4
51498.17181	1.8	0.42426
51498.17192	1.5	0.3873
51498.17204	0.9	0.3
51498.17215	1.6	0.4
51498.17227	1.6	0.4
51498.17238	2.1	0.45826
51498.1725	1.8	0.42426
51498.17262	2.6	0.5099
51498.17273	2.0	0.44721
51498.17285	1.8	0.42426
51498.17296	2.0	0.44721
51498.17308	1.2	0.34641
51498.17319	1.0	0.31623
51498.17331	1.4	0.37417
51498.17343	2.0	0.44721
51498.17354	1.9	0.43589
51498.17366	2.4	0.4899
51498.17377	1.1	0.33166
51498.17389	1.2	0.34641
51498.174	1.3	0.36056
51498.17412	2.2	0.46904
51498.17424	1.4	0.37417
51498.17435	1.5	0.3873
51498.17447	2.0	0.44721
51498.17458	0.6	0.24495
51498.1747	2.1	0.45826
51498.17481	1.3	0.36056
51498.17493	1.1	0.33166
51498.17505	1.5	0.3873
51498.17516	1.0	0.31623
51498.17528	1.7	0.41231
51498.17539	1.8	0.42426
51498.17551	1.1	0.33166
51498.17562	1.9	0.43589
51498.17574	1.5	0.3873
51498.17586	2.6	0.5099
51498.17597	1.9	0.43589
51498.17609	1.4	0.37417
51498.1762	1.9	0.43589
51498.17632	1.2	0.34641
51498.17643	2.2	0.46904
51498.17655	1.6	0.4
51498.17667	2.1	0.45826
51498.17678	2.0	0.44721
51498.1769	2.3	0.47958
51498.17701	1.9	0.43589
51498.17713	1.3	0.36056
51498.17725	1.6	0.4
51498.17736	1.4	0.37417
51498.17748	1.4	0.37417
51498.17759	2.0	0.44721
51498.17771	1.1	0.33166
51498.17782	0.8	0.28284
51498.17794	1.8	0.42426
51498.17806	1.6	0.4
51498.17817	1.1	0.33166
51498.17829	1.3	0.36056
51498.1784	1.8	0.42426
51498.17852	1.4	0.37417
51498.17863	1.2	0.34641
51498.17875	1.4	0.37417
51498.17887	1.4	0.37417
51498.17898	1.6	0.4
51498.1791	1.9	0.43589
51498.17921	1.6	0.4
51498.17933	1.5	0.3873
51498.17944	1.7	0.41231
51498.17956	2.2	0.46904
51498.17968	1.4	0.37417
51498.17979	1.9	0.43589
51498.17991	1.5	0.3873
51498.18002	0.9	0.3
51498.18014	1.6	0.4
51498.18025	1.5	0.3873
51498.18037	1.9	0.43589
51498.23731	1.1	0.33166
51498.23742	1.6	0.4
51498.23754	2.2	0.46904
51498.23766	1.2	0.34641
51498.23777	1.2	0.34641
51498.23789	1.3	0.36056
51498.238	1.2	0.34641
51498.23812	2.2	0.46904
51498.23823	1.5	0.3873
51498.23835	1.2	0.34641
51498.23847	1.6	0.4
51498.23858	1.7	0.41231
51498.2387	1.2	0.34641
51498.23881	1.4	0.37417
51498.23893	1.4	0.37417
51498.23905	1.3	0.36056
51498.23916	1.6	0.4
51498.23928	1.8	0.42426
51498.23939	1.2	0.34641
51498.23951	0.9	0.3
51498.23962	1.6	0.4
51498.23974	1.8	0.42426
51498.23986	1.4	0.37417
51498.23997	1.4	0.37417
51498.24009	1.1	0.33166
51498.2402	1.8	0.42426
51498.24032	1.8	0.42426
51498.24043	1.0	0.31623
51498.24055	1.9	0.43589
51498.24067	2.2	0.46904
51498.24078	2.1	0.45826
51498.2409	2.2	0.46904
51498.24101	1.4	0.37417
51498.24113	1.5	0.3873
51498.24124	1.0	0.31623
51498.24136	1.5	0.3873
51498.24148	1.1	0.33166
51498.24159	1.4	0.37417
51498.24171	1.1	0.33166
51498.24182	1.4	0.37417
51498.24194	1.5	0.3873
51498.24205	1.2	0.34641
51498.24217	1.6	0.4
51498.24229	1.6	0.4
51498.2424	1.6	0.4
51498.24252	2.3	0.47958
51498.24263	2.1	0.45826
51498.24275	1.4	0.37417
51498.24286	1.3	0.36056
51498.24298	2.1	0.45826
51498.2431	1.9	0.43589
51498.24321	1.5	0.3873
51498.24333	1.0	0.31623
51498.24344	2.2	0.46904
51498.24356	1.7	0.41231
51498.24367	1.8	0.42426
51498.24379	1.5	0.3873
51498.24391	1.0	0.31623
51498.24402	1.3	0.36056
51498.24414	0.9	0.3
51498.24425	2.0	0.44721
51498.24437	1.3	0.36056
51498.24448	1.8	0.42426
51498.2446	1.4	0.37417
51498.24472	1.9	0.43589
51498.24483	0.9	0.3
51498.24495	1.2	0.34641
51498.24506	1.8	0.42426
51498.24518	1.5	0.3873
51498.24529	1.1	0.33166
51498.24541	1.2	0.34641
51498.24553	0.7	0.26458
51498.24564	1.9	0.43589
51498.24576	1.2	0.34641
51498.24587	1.3	0.36056
51498.24599	0.6	0.24495
51498.2461	1.3	0.36056
51498.24622	1.4	0.37417
51498.24634	0.8	0.28284
51498.24645	1.5	0.3873
51498.24657	1.9	0.43589
51498.24668	2.6	0.5099
51498.2468	1.5	0.3873
51498.24691	1.4	0.37417
51498.24703	1.4	0.37417
51498.24715	1.4	0.37417
51498.24726	1.5	0.3873
51498.24738	2.0	0.44721
51498.24749	1.2	0.34641
51498.24761	1.4	0.37417
51498.24772	1.8	0.42426
51498.24784	1.8	0.42426
51498.24796	1.8	0.42426
51498.24807	1.4	0.37417
51498.24819	2.1	0.45826
51498.2483	1.6	0.4
51498.24842	1.1	0.33166
51498.24853	2.2	0.46904
51498.24865	1.8	0.42426
51498.24877	1.4	0.37417
51498.24888	1.3	0.36056
51498.249	2.0	0.44721
51498.24911	1.4	0.37417
51498.24923	1.5	0.3873
51498.24935	1.3	0.36056
51498.24946	1.2	0.34641
51498.24958	1.9	0.43589
51498.24969	1.6	0.4
51498.24981	2.1	0.45826
51498.24992	1.3	0.36056
51498.25004	1.6	0.4
51498.25016	1.2	0.34641
51498.25027	1.1	0.33166
51498.25039	1.2	0.34641
51498.2505	1.3	0.36056
51498.25062	1.6	0.4
51498.30397	2.7	0.51962
51498.30409	2.8	0.52915
51498.3042	2.4	0.4899
51498.30432	2.1	0.45826
51498.30443	2.2	0.46904
51498.30455	2.2	0.46904
51498.30466	2.2	0.46904
51498.30478	2.9	0.53852
51498.3049	1.9	0.43589
51498.30501	1.3	0.36056
51498.30513	2.4	0.4899
51498.30524	1.7	0.41231
51498.30536	2.1	0.45826
51498.30547	2.4	0.4899
51498.30559	2.5	0.5
51498.30571	1.3	0.36056
51498.30582	2.3	0.47958
51498.30594	2.9	0.53852
51498.30605	2.9	0.53852
51498.30617	1.5	0.3873
51498.30628	2.2	0.46904
51498.3064	2.5	0.5
51498.30652	2.4	0.4899
51498.30663	1.9	0.43589
51498.30675	2.5	0.5
51498.30686	2.1	0.45826
51498.30698	1.9	0.43589
51498.30709	2.3	0.47958
51498.30721	1.8	0.42426
51498.30733	1.5	0.3873
51498.30744	1.9	0.43589
51498.30756	1.3	0.36056
51498.30767	2.4	0.4899
51498.30779	1.8	0.42426
51498.3079	1.3	0.36056
51498.30802	1.6	0.4
51498.30814	2.7	0.51962
51498.30825	2.0	0.44721
51498.30837	2.2	0.46904
51498.30848	2.4	0.4899
51498.3086	2.3	0.47958
51498.30871	2.0	0.44721
51498.30883	2.0	0.44721
51498.30895	1.9	0.43589
51498.30906	0.6	0.24495
51498.30918	2.6	0.5099
51498.30929	2.2	0.46904
51498.30941	1.3	0.36056
51498.30952	2.1	0.45826
51498.30964	3.0	0.54772
51498.30976	3.3	0.57446
51498.30987	3.0	0.54772
51498.30999	2.8	0.52915
51498.3101	2.7	0.51962
51498.31022	1.8	0.42426
51498.31033	1.5	0.3873
51498.31045	1.1	0.33166
51498.31057	3.3	0.57446
51498.31068	2.0	0.44721
51498.3108	2.6	0.5099
51498.31091	1.8	0.42426
51498.31103	1.2	0.34641
51498.31115	2.5	0.5
51498.31126	2.6	0.5099
51498.31138	3.8	0.61644
51498.31149	2.2	0.46904
51498.31161	2.7	0.51962
51498.31172	2.8	0.52915
51498.31184	2.2	0.46904
51498.31196	1.6	0.4
51498.31207	2.4	0.4899
51498.31219	1.7	0.41231
51498.3123	2.0	0.44721
51498.31242	2.4	0.4899
51498.31253	1.8	0.42426
51498.31265	2.6	0.5099
51498.31277	2.7	0.51962
51498.31288	1.8	0.42426
51498.313	1.7	0.41231
51498.31311	2.3	0.47958
51498.31323	2.2	0.46904
51498.31334	3.1	0.55678
51498.31346	1.8	0.42426
51498.31358	1.8	0.42426
51498.31369	2.3	0.47958
51498.31381	2.8	0.52915
51498.31392	1.7	0.41231
51498.31404	2.7	0.51962
51498.31415	1.9	0.43589
51498.31427	2.7	0.51962
51498.31439	1.9	0.43589
51498.3145	2.3	0.47958
51498.31462	3.3	0.57446
51498.31473	2.5	0.5
51498.31485	3.3	0.57446
51498.31496	2.4	0.4899
51498.31508	2.0	0.44721
51498.3152	2.3	0.47958
51498.31531	2.4	0.4899
51498.31543	2.7	0.51962
51498.31554	3.5	0.59161
51498.31566	2.9	0.53852
51498.31577	2.6	0.5099
51498.31589	3.2	0.56569
51498.31601	3.1	0.55678
51498.31612	2.4	0.4899
51498.31624	3.5	0.59161
51498.31635	3.7	0.60828
51498.31647	1.8	0.42426
51498.31658	3.2	0.56569
51498.3167	2.5	0.5
51498.31682	1.9	0.43589
51498.31693	2.6	0.5099
51498.31705	2.2	0.46904
51498.31716	2.5	0.5
51498.31728	2.5	0.5
51498.43752	2.0	0.44721
51498.43764	2.3	0.47958
51498.43775	2.0	0.44721
51498.43787	3.4	0.5831
51498.43799	2.4	0.4899
51498.4381	2.9	0.53852
51498.43822	2.8	0.52915
51498.43833	2.6	0.5099
51498.43845	2.4	0.4899
51498.43856	3.0	0.54772
51498.43868	2.2	0.46904
51498.4388	2.8	0.52915
51498.43891	2.9	0.53852
51498.43903	2.2	0.46904
51498.43914	2.6	0.5099
51498.43926	1.9	0.43589
51498.43937	1.6	0.4
51498.43949	2.1	0.45826
51498.43961	2.9	0.53852
51498.43972	3.0	0.54772
51498.43984	2.4	0.4899
51498.43995	3.0	0.54772
51498.44007	3.8	0.61644
51498.44018	3.5	0.59161
51498.4403	3.2	0.56569
51498.44042	2.5	0.5
51498.44053	3.3	0.57446
51498.44065	3.7	0.60828
51498.44076	3.2	0.56569
51498.44088	2.0	0.44721
51498.44099	2.4	0.4899
51498.44111	2.6	0.5099
51498.44123	3.0	0.54772
51498.44134	2.4	0.4899
51498.44146	2.2	0.46904
51498.44157	2.6	0.5099
51498.44169	3.4	0.5831
51498.4418	3.0	0.54772
51498.44192	3.3	0.57446
51498.44204	2.6	0.5099
51498.44215	2.1	0.45826
51498.44227	2.7	0.51962
51498.44238	2.7	0.51962
51498.4425	3.0	0.54772
51498.44261	2.8	0.52915
51498.44273	2.4	0.4899
51498.44285	2.5	0.5
51498.44296	4.0	0.63246
51498.44308	3.3	0.57446
51498.44319	2.7	0.51962
51498.44331	2.0	0.44721
51498.44342	2.8	0.52915
51498.44354	2.3	0.47958
51498.44366	2.6	0.5099
51498.44377	3.2	0.56569
51498.44389	2.8	0.52915
51498.444	1.9	0.43589
51498.44412	2.5	0.5
51498.44423	2.6	0.5099
51498.44435	2.9	0.53852
51498.44447	2.7	0.51962
51498.44458	3.2	0.56569
51498.4447	3.1	0.55678
51498.44481	2.2	0.46904
51498.44493	2.8	0.52915
51498.44504	2.5	0.5
51498.44516	2.2	0.46904
51498.44528	2.9	0.53852
51498.44539	3.3	0.57446
51498.44551	2.7	0.51962
51498.44562	2.3	0.47958
51498.44574	2.4	0.4899
51498.44586	3.2	0.56569
51498.44597	2.8	0.52915
51498.44609	2.8	0.52915
51498.4462	2.2	0.46904
51498.44632	2.2	0.46904
51498.44643	2.2	0.46904
51498.44655	2.9	0.53852
51498.44667	3.1	0.55678
51498.44678	2.6	0.5099
51498.4469	2.0	0.44721
51498.44701	2.2	0.46904
51498.44713	1.9	0.43589
51498.44748	2.5	0.5
51498.44794	2.8	0.52915
51498.44805	2.1	0.45826
51498.44817	1.4	0.37417
51498.44829	2.0	0.44721
51498.4484	2.5	0.5
51498.44852	2.6	0.5099
51498.44863	2.9	0.53852
51498.44875	1.8	0.42426
51498.44886	2.9	0.53852
51498.44898	2.8	0.52915
51498.4491	1.6	0.4
51498.44921	3.2	0.56569
51498.44933	2.3	0.47958
51498.44944	2.7	0.51962
51498.44956	1.9	0.43589
51498.44967	2.2	0.46904
51498.44979	2.3	0.47958
51498.44991	1.9	0.43589
51498.45002	3.7	0.60828
51498.45014	2.1	0.45826
51498.45025	3.5	0.59161
51498.45037	2.6	0.5099
51498.45048	2.2	0.46904
51498.4506	2.2	0.46904
51498.45072	2.0	0.44721
51498.45083	3.0	0.54772
51498.50418	2.5	0.5
51498.5043	2.4	0.4899
51498.50441	2.8	0.52915
51498.50453	3.0	0.54772
51498.50465	3.3	0.57446
51498.50476	2.4	0.4899
51498.50488	1.7	0.41231
51498.50499	2.8	0.52915
51498.50511	1.5	0.3873
51498.50522	2.1	0.45826
51498.50534	2.2	0.46904
51498.50546	2.1	0.45826
51498.50557	2.6	0.5099
51498.50569	2.8	0.52915
51498.5058	2.3	0.47958
51498.50592	1.8	0.42426
51498.50603	1.8	0.42426
51498.50615	1.3	0.36056
51498.50627	2.7	0.51962
51498.50638	1.8	0.42426
51498.5065	2.5	0.5
51498.50661	2.7	0.51962
51498.50673	2.3	0.47958
51498.50684	3.3	0.57446
51498.50696	2.2	0.46904
51498.50708	2.1	0.45826
51498.50719	2.2	0.46904
51498.50731	1.8	0.42426
51498.50742	2.1	0.45826
51498.50754	1.8	0.42426
51498.50766	2.1	0.45826
51498.50777	1.9	0.43589
51498.50789	2.1	0.45826
51498.508	2.8	0.52915
51498.50812	2.2	0.46904
51498.50823	2.0	0.44721
51498.50835	3.1	0.55678
51498.50847	2.6	0.5099
51498.50858	2.7	0.51962
51498.5087	2.3	0.47958
51498.50881	2.1	0.45826
51498.50893	2.4	0.4899
51498.50904	2.2	0.46904
51498.50916	2.7	0.51962
51498.50928	2.1	0.45826
51498.50939	2.1	0.45826
51498.50951	2.1	0.45826
51498.50962	2.7	0.51962
51498.50974	2.1	0.45826
51498.50985	2.4	0.4899
51498.50997	1.5	0.3873
51498.51009	2.7	0.51962
51498.5102	2.3	0.47958
51498.51032	2.3	0.47958
51498.51043	1.8	0.42426
51498.51055	2.7	0.51962
51498.51066	2.6	0.5099
51498.51078	2.2	0.46904
51498.5109	2.4	0.4899
51498.51101	2.7	0.51962
51498.51113	2.3	0.47958
51498.51124	2.6	0.5099
51498.51136	2.4	0.4899
51498.51147	2.2	0.46904
51498.51159	2.0	0.44721
51498.51171	2.1	0.45826
51498.51182	1.9	0.43589
51498.51194	3.1	0.55678
51498.51205	2.5	0.5
51498.51217	2.1	0.45826
51498.51228	2.3	0.47958
51498.5124	1.6	0.4
51498.51252	2.3	0.47958
51498.51263	2.8	0.52915
51498.51275	2.8	0.52915
51498.51286	1.2	0.34641
51498.51298	2.9	0.53852
51498.51309	2.5	0.5
51498.51321	1.8	0.42426
51498.51333	1.7	0.41231
51498.51344	2.6	0.5099
51498.51356	1.0	0.31623
51498.51367	1.7	0.41231
51498.51379	2.0	0.44721
51498.5139	2.0	0.44721
51498.51402	2.4	0.4899
51498.51414	2.9	0.53852
51498.51425	2.3	0.47958
51498.51437	1.6	0.4
51498.51448	2.1	0.45826
51498.5146	2.1	0.45826
51498.51471	1.7	0.41231
51498.51483	2.3	0.47958
51498.51495	2.0	0.44721
51498.51506	2.0	0.44721
51498.51518	2.2	0.46904
51498.51529	3.4	0.5831
51498.51541	2.6	0.5099
51498.51552	2.0	0.44721
51498.51564	2.6	0.5099
51498.51576	1.8	0.42426
51498.51587	3.0	0.54772
51498.51599	2.8	0.52915
51498.5161	2.8	0.52915
51498.51622	2.1	0.45826
51498.51633	2.5	0.5
51498.51645	2.1	0.45826
51498.51657	1.7	0.41231
51498.51668	2.0	0.44721
51498.5168	1.7	0.41231
51498.51691	1.5	0.3873
51498.51703	2.1	0.45826
51498.51714	1.7	0.41231
51498.51726	1.6	0.4
51498.51738	2.6	0.5099
51498.51749	2.2	0.46904
51498.57084	2.0	0.44721
51498.57096	2.0	0.44721
51498.57108	2.3	0.47958
51498.57119	2.0	0.44721
51498.57131	2.4	0.4899
51498.57142	2.0	0.44721
51498.57154	2.4	0.4899
51498.57165	1.6	0.4
51498.57177	2.0	0.44721
51498.57189	1.7	0.41231
51498.572	2.7	0.51962
51498.57212	0.9	0.3
51498.57223	2.0	0.44721
51498.57235	2.0	0.44721
51498.57246	1.3	0.36056
51498.57258	2.0	0.44721
51498.5727	2.0	0.44721
51498.57281	1.7	0.41231
51498.57293	2.2	0.46904
51498.57304	1.5	0.3873
51498.57316	1.6	0.4
51498.57327	1.8	0.42426
51498.57339	1.7	0.41231
51498.57351	1.9	0.43589
51498.57362	2.2	0.46904
51498.57374	2.2	0.46904
51498.57385	2.1	0.45826
51498.57397	2.0	0.44721
51498.57408	1.7	0.41231
51498.5742	2.0	0.44721
51498.57432	2.0	0.44721
51498.57443	2.3	0.47958
51498.57455	2.1	0.45826
51498.57466	2.1	0.45826
51498.57478	2.1	0.45826
51498.57489	1.7	0.41231
51498.57501	2.1	0.45826
51498.57513	2.0	0.44721
51498.57524	2.1	0.45826
51498.57536	2.0	0.44721
51498.57547	2.0	0.44721
51498.57559	2.7	0.51962
51498.5757	2.1	0.45826
51498.57582	1.6	0.4
51498.57594	1.5	0.3873
51498.57605	2.0	0.44721
51498.57617	1.9	0.43589
51498.57628	2.6	0.5099
51498.5764	1.6	0.4
51498.57651	1.9	0.43589
51498.57663	2.5	0.5
51498.57675	2.4	0.4899
51498.57686	1.5	0.3873
51498.57698	2.0	0.44721
51498.57709	1.3	0.36056
51498.57721	2.0	0.44721
51498.57732	2.4	0.4899
51498.57744	2.2	0.46904
51498.57756	1.5	0.3873
51498.57767	1.6	0.4
51498.57779	2.2	0.46904
51498.5779	2.1	0.45826
51498.57802	1.5	0.3873
51498.57813	1.8	0.42426
51498.57825	1.4	0.37417
51498.57837	2.4	0.4899
51498.57848	1.5	0.3873
51498.5786	1.8	0.42426
51498.57871	1.2	0.34641
51498.57883	2.4	0.4899
51498.57894	1.5	0.3873
51498.57906	2.0	0.44721
51498.57918	0.8	0.28284
51498.57929	1.7	0.41231
51498.57941	2.7	0.51962
51498.57952	2.4	0.4899
51498.57964	1.5	0.3873
51498.57976	2.0	0.44721
51498.57987	2.4	0.4899
51498.57999	2.3	0.47958
51498.5801	2.0	0.44721
51498.58022	2.0	0.44721
51498.58033	1.9	0.43589
51498.58045	1.9	0.43589
51498.58057	1.5	0.3873
51498.58068	1.1	0.33166
51498.5808	1.7	0.41231
51498.58091	3.1	0.55678
51498.58103	1.7	0.41231
51498.58114	2.0	0.44721
51498.58126	2.3	0.47958
51498.58138	2.4	0.4899
51498.58149	1.7	0.41231
51498.58161	1.4	0.37417
51498.58172	1.6	0.4
51498.58184	1.9	0.43589
51498.58195	1.4	0.37417
51498.58207	2.1	0.45826
51498.58219	2.2	0.46904
51498.5823	1.8	0.42426
51498.58242	1.8	0.42426
51498.58253	2.0	0.44721
51498.58265	1.9	0.43589
51498.58276	2.0	0.44721
51498.58288	1.5	0.3873
51498.583	0.8	0.28284
51498.58311	2.2	0.46904
51498.58323	1.4	0.37417
51498.58334	1.2	0.34641
51498.58346	1.5	0.3873
51498.58357	1.4	0.37417
51498.58369	2.4	0.4899
51498.58381	1.9	0.43589
51498.58392	2.6	0.5099
51498.58404	1.4	0.37417
51498.58415	1.7	0.41231
51498.58427	1.1	0.33166
51498.6375	2.3	0.47958
51498.63762	1.2	0.34641
51498.63774	1.5	0.3873
51498.63785	0.8	0.28284
51498.63797	1.7	0.41231
51498.63808	1.4	0.37417
51498.6382	1.4	0.37417
51498.63831	1.8	0.42426
51498.63843	1.5	0.3873
51498.63855	1.9	0.43589
51498.63866	1.7	0.41231
51498.63878	1.6	0.4
51498.63889	2.0	0.44721
51498.63901	1.3	0.36056
51498.63912	1.5	0.3873
51498.63924	1.8	0.42426
51498.63936	2.0	0.44721
51498.63947	1.3	0.36056
51498.63959	1.4	0.37417
51498.6397	1.6	0.4
51498.63982	1.6	0.4
51498.63993	1.2	0.34641
51498.64005	0.4	0.2
51498.64017	1.4	0.37417
51498.64028	1.9	0.43589
51498.6404	1.9	0.43589
51498.64051	1.5	0.3873
51498.64063	1.7	0.41231
51498.64074	1.6	0.4
51498.64086	1.2	0.34641
51498.64098	1.6	0.4
51498.64109	1.4	0.37417
51498.64121	1.4	0.37417
51498.64132	2.1	0.45826
51498.64144	1.1	0.33166
51498.64156	1.7	0.41231
51498.64167	2.0	0.44721
51498.64179	2.3	0.47958
51498.6419	1.4	0.37417
51498.64202	2.9	0.53852
51498.64213	2.0	0.44721
51498.64225	1.8	0.42426
51498.64237	2.8	0.52915
51498.64248	2.3	0.47958
51498.6426	1.3	0.36056
51498.64271	2.2	0.46904
51498.64283	1.7	0.41231
51498.64294	2.0	0.44721
51498.64306	1.4	0.37417
51498.64318	1.8	0.42426
51498.64329	1.3	0.36056
51498.64341	1.0	0.31623
51498.64352	2.1	0.45826
51498.64364	1.2	0.34641
51498.64375	1.7	0.41231
51498.64387	2.2	0.46904
51498.64399	2.0	0.44721
51498.6441	1.8	0.42426
51498.64422	1.3	0.36056
51498.64433	1.5	0.3873
51498.64445	1.9	0.43589
51498.64456	1.4	0.37417
51498.64468	2.4	0.4899
51498.6448	1.8	0.42426
51498.64491	1.6	0.4
51498.64503	1.8	0.42426
51498.64514	1.9	0.43589
51498.64526	2.1	0.45826
51498.64537	1.0	0.31623
51498.64549	1.5	0.3873
51498.64561	1.7	0.41231
51498.64572	1.3	0.36056
51498.64584	1.4	0.37417
51498.64595	2.7	0.51962
51498.64607	1.4	0.37417
51498.64618	1.4	0.37417
51498.6463	0.8	0.28284
51498.64642	1.3	0.36056
51498.64653	1.6	0.4
51498.64665	1.2	0.34641
51498.64676	1.4	0.37417
51498.64688	1.5	0.3873
51498.64699	2.2	0.46904
51498.64711	1.6	0.4
51498.64723	2.2	0.46904
51498.64734	1.3	0.36056
51498.64746	2.1	0.45826
51498.64757	1.6	0.4
51498.64769	2.2	0.46904
51498.6478	2.1	0.45826
51498.64792	1.5	0.3873
51498.64804	1.0	0.31623
51498.64815	1.9	0.43589
51498.64827	1.0	0.31623
51498.64838	1.8	0.42426
51498.6485	1.4	0.37417
51498.64861	1.4	0.37417
51498.64873	2.3	0.47958
51498.64885	1.7	0.41231
51498.64896	1.0	0.31623
51498.64908	1.9	0.43589
51498.64919	1.8	0.42426
51498.64931	1.8	0.42426
51498.64942	2.0	0.44721
51498.64954	0.8	0.28284
51498.64966	1.9	0.43589
51498.64977	1.5	0.3873
51498.64989	1.3	0.36056
51498.65	1.8	0.42426
51498.65012	1.3	0.36056
51498.65023	1.9	0.43589
51498.65035	1.6	0.4
51498.65047	1.1	0.33166
51498.65058	1.1	0.33166
51498.6507	1.3	0.36056
51498.65081	1.3	0.36056
51498.65093	1.8	0.42426
51498.7044	2.1	0.45826
51498.70451	2.3	0.47958
51498.70463	2.1	0.45826
51498.70474	1.7	0.41231
51498.70486	1.6	0.4
51498.70498	2.4	0.4899
51498.70509	1.5	0.3873
51498.70521	1.9	0.43589
51498.70532	1.4	0.37417
51498.70544	1.7	0.41231
51498.70555	2.8	0.52915
51498.70567	2.0	0.44721
51498.70579	1.7	0.41231
51498.7059	2.9	0.53852
51498.70602	1.6	0.4
51498.70613	2.4	0.4899
51498.70625	1.6	0.4
51498.70636	2.3	0.47958
51498.70648	1.7	0.41231
51498.7066	1.5	0.3873
51498.70671	2.1	0.45826
51498.70683	1.5	0.3873
51498.70694	2.2	0.46904
51498.70706	1.6	0.4
51498.70717	2.8	0.52915
51498.70729	1.9	0.43589
51498.70741	2.0	0.44721
51498.70752	2.4	0.4899
51498.70764	2.3	0.47958
51498.70775	2.7	0.51962
51498.70787	1.7	0.41231
51498.70798	2.6	0.5099
51498.7081	2.1	0.45826
51498.70822	1.9	0.43589
51498.70833	2.6	0.5099
51498.70845	2.5	0.5
51498.70856	1.5	0.3873
51498.70868	1.4	0.37417
51498.70879	1.9	0.43589
51498.70891	2.0	0.44721
51498.70903	1.5	0.3873
51498.70914	2.5	0.5
51498.70926	1.7	0.41231
51498.70937	2.3	0.47958
51498.70949	1.7	0.41231
51498.7096	1.7	0.41231
51498.70972	2.2	0.46904
51498.70984	2.9	0.53852
51498.70995	2.6	0.5099
51498.71007	2.6	0.5099
51498.71018	1.9	0.43589
51498.7103	1.4	0.37417
51498.71041	2.2	0.46904
51498.71053	1.4	0.37417
51498.71065	2.1	0.45826
51498.71076	1.9	0.43589
51498.71088	1.8	0.42426
51498.71099	2.5	0.5
51498.71111	2.3	0.47958
51498.71122	2.4	0.4899
51498.71134	2.1	0.45826
51498.71146	1.8	0.42426
51498.71157	3.2	0.56569
51498.71169	1.5	0.3873
51498.7118	2.7	0.51962
51498.71192	2.3	0.47958
51498.71203	2.8	0.52915
51498.71215	1.5	0.3873
51498.71227	2.6	0.5099
51498.71238	2.1	0.45826
51498.7125	1.8	0.42426
51498.71261	2.0	0.44721
51498.71273	3.1	0.55678
51498.71284	2.2	0.46904
51498.71296	1.7	0.41231
51498.71308	3.0	0.54772
51498.71319	2.7	0.51962
51498.71331	1.5	0.3873
51498.71342	2.2	0.46904
51498.71354	2.1	0.45826
51498.71365	2.3	0.47958
51498.71377	2.7	0.51962
51498.71389	2.1	0.45826
51498.714	2.3	0.47958
51498.71412	2.4	0.4899
51498.71423	2.2	0.46904
51498.71435	2.0	0.44721
51498.71447	1.5	0.3873
51498.71458	2.5	0.5
51498.7147	1.7	0.41231
51498.71481	1.9	0.43589
51498.71493	2.0	0.44721
51498.71504	1.3	0.36056
51498.71516	2.4	0.4899
51498.71528	2.0	0.44721
51498.71539	2.2	0.46904
51498.71597	2.1157	0.46168
51498.71609	1.5	0.3873
51498.7162	1.7	0.41231
51498.71632	2.2	0.46904
51498.71643	2.2	0.46904
51498.71655	2.7	0.51962
51498.71666	2.4	0.4899
51498.71678	3.2	0.56569
51498.7169	2.3	0.47958
51498.71701	1.9	0.43589
51498.71713	1.2	0.34641
51498.71724	1.8	0.42426
51498.71736	2.4	0.4899
51498.71747	2.4	0.4899
51498.71759	1.6	0.4
51498.71771	2.1	0.45826
51498.77106	2.7	0.51962
51498.77117	2.3	0.47958
51498.77129	1.8	0.42426
51498.7714	2.2	0.46904
51498.77152	1.9	0.43589
51498.77164	1.9	0.43589
51498.77175	2.7	0.51962
51498.77187	2.1	0.45826
51498.77198	2.0	0.44721
51498.7721	2.9	0.53852
51498.77221	2.4	0.4899
51498.77233	1.8	0.42426
51498.77245	1.9	0.43589
51498.77256	2.1	0.45826
51498.77268	1.9	0.43589
51498.77279	1.3	0.36056
51498.77291	1.9	0.43589
51498.77302	2.0	0.44721
51498.77314	1.6	0.4
51498.77326	1.8	0.42426
51498.77337	2.8	0.52915
51498.77349	2.5	0.5
51498.7736	2.3	0.47958
51498.77372	1.3	0.36056
51498.77383	2.5	0.5
51498.77395	2.3	0.47958
51498.7743	2.1	0.45826
51498.77441	2.4	0.4899
51498.77453	1.8	0.42426
51498.77464	2.0	0.44721
51498.77476	2.1	0.45826
51498.77488	1.6	0.4
51498.77499	2.0	0.44721
51498.77511	2.2	0.46904
51498.77522	3.2	0.56569
51498.77534	1.9	0.43589
51498.77545	1.6	0.4
51498.77557	3.0	0.54772
51498.77569	1.6	0.4
51498.7758	2.3	0.47958
51498.77592	2.6	0.5099
51498.77603	3.6	0.6
51498.77615	2.0	0.44721
51498.77627	2.7	0.51962
51498.77638	2.6	0.5099
51498.7765	1.9	0.43589
51498.77661	2.9	0.53852
51498.77673	2.6	0.5099
51498.77684	2.6	0.5099
51498.77696	1.1	0.33166
51498.77708	2.2	0.46904
51498.77719	2.1	0.45826
51498.77731	2.4	0.4899
51498.77742	1.8	0.42426
51498.77754	2.6	0.5099
51498.77765	2.5	0.5
51498.77777	2.2	0.46904
51498.77789	1.7	0.41231
51498.778	2.4	0.4899
51498.77812	1.6	0.4
51498.77823	3.2	0.56569
51498.77835	2.4	0.4899
51498.77846	1.0	0.31623
51498.77858	2.1	0.45826
51498.7787	1.3	0.36056
51498.77881	1.3	0.36056
51498.77893	1.6	0.4
51498.77904	1.6	0.4
51498.77916	2.1	0.45826
51498.77927	2.4	0.4899
51498.77939	2.5	0.5
51498.77951	2.9	0.53852
51498.77962	2.5	0.5
51498.77974	2.7	0.51962
51498.77985	2.1	0.45826
51498.77997	1.8	0.42426
51498.78008	2.6	0.5099
51498.7802	2.4	0.4899
51498.78032	1.6	0.4
51498.78043	2.0	0.44721
51498.78055	2.7	0.51962
51498.78066	2.6	0.5099
51498.78078	2.9	0.53852
51498.78089	3.0	0.54772
51498.78101	1.5	0.3873
51498.78113	2.1	0.45826
51498.78124	2.4	0.4899
51498.78136	2.4	0.4899
51498.78147	1.6	0.4
51498.78159	1.9	0.43589
51498.7817	2.0	0.44721
51498.78182	1.8	0.42426
51498.78194	2.1	0.45826
51498.78205	2.4	0.4899
51498.78217	2.4	0.4899
51498.78228	2.2	0.46904
51498.7824	2.1	0.45826
51498.78251	2.4	0.4899
51498.78263	2.8	0.52915
51498.78275	2.2	0.46904
51498.78286	1.6	0.4
51498.78298	2.0	0.44721
51498.78309	2.5	0.5
51498.78321	1.6	0.4
51498.78332	2.1	0.45826
51498.78344	2.3	0.47958
51498.78356	1.4	0.37417
51498.78367	2.6	0.5099
51498.78379	2.2	0.46904
51498.7839	2.4	0.4899
51498.78402	2.3	0.47958
51498.78413	1.8	0.42426
51498.78425	2.1	0.45826
51498.78437	3.2	0.56569
51498.83772	2.4	0.4899
51498.83783	2.4	0.4899
51498.83795	2.0	0.44721
51498.83807	2.8	0.52915
51498.83818	2.2	0.46904
51498.8383	1.6	0.4
51498.83853	2.1	0.45826
51498.83864	1.9	0.43589
51498.83876	2.5	0.5
51498.83888	2.4	0.4899
51498.83899	1.8	0.42426
51498.83911	2.3	0.47958
51498.83922	2.3	0.47958
51498.83934	2.6	0.5099
51498.83945	2.7	0.51962
51498.83957	2.4	0.4899
51498.83969	2.0	0.44721
51498.8398	2.9	0.53852
51498.83992	2.3	0.47958
51498.84003	2.0	0.44721
51498.84015	2.2	0.46904
51498.84026	2.0	0.44721
51498.84038	2.0	0.44721
51498.8405	2.0	0.44721
51498.84061	1.8	0.42426
51498.84073	2.0	0.44721
51498.84084	1.5	0.3873
51498.84096	2.2	0.46904
51498.84107	1.6	0.4
51498.84119	1.6	0.4
51498.84131	2.4	0.4899
51498.84142	1.4	0.37417
51498.84154	1.1	0.33166
51498.84165	2.3	0.47958
51498.84177	2.0	0.44721
51498.84188	1.4	0.37417
51498.842	2.3	0.47958
51498.84212	1.4	0.37417
51498.84223	2.2	0.46904
51498.84235	1.3	0.36056
51498.84246	2.5	0.5
51498.84281	2.9	0.53852
51498.84293	2.4	0.4899
51498.84304	2.1	0.45826
51498.84316	2.4	0.4899
51498.84327	1.3	0.36056
51498.84339	2.3	0.47958
51498.8435	2.9	0.53852
51498.84362	3.4	0.5831
51498.84374	1.9	0.43589
51498.84385	3.3	0.57446
51498.84397	2.4	0.4899
51498.84408	1.4	0.37417
51498.8442	1.2	0.34641
51498.84431	2.1	0.45826
51498.84443	2.2	0.46904
51498.84455	2.3	0.47958
51498.84466	1.8	0.42426
51498.84478	2.6	0.5099
51498.84489	1.7	0.41231
51498.84501	2.0	0.44721
51498.84512	1.5	0.3873
51498.84524	2.1	0.45826
51499.04742	2.8	0.52915
51499.04754	1.5	0.3873
51499.04765	1.7	0.41231
51499.04777	1.7	0.41231
51499.04788	1.8	0.42426
51499.048	2.0	0.44721
51499.04812	2.2	0.46904
51499.04823	1.6	0.4
51499.04835	1.9	0.43589
51499.04846	2.0	0.44721
51499.04858	2.0	0.44721
51499.04869	2.6	0.5099
51499.04881	2.3	0.47958
51499.04893	2.4	0.4899
51499.04904	1.4	0.37417
51499.04916	2.2	0.46904
51499.04927	1.7	0.41231
51499.04939	2.2	0.46904
51499.0495	1.3	0.36056
51499.04962	1.6	0.4
51499.04974	2.0	0.44721
51499.04985	1.9	0.43589
51499.04997	1.3	0.36056
51499.05008	1.7	0.41231
51499.0502	0.9	0.3
51499.05031	2.8	0.52915
51499.05043	2.1	0.45826
51499.05055	1.4	0.37417
51499.05066	1.6	0.4
51499.05078	1.8	0.42426
51499.05089	2.0	0.44721
51499.05101	1.5	0.3873
51499.05112	2.1	0.45826
51499.05124	2.6	0.5099
