Time	Count	Error
111396398.55146	8.10637	1.31503
111396408.55202	7.94705	0.89411
111396418.55259	7.84645	0.88844
111396428.55316	8.85241	0.94367
111396438.55372	8.45002	0.92197
111396448.55429	8.45002	0.92197
111396458.55485	9.65717	0.98563
111396468.55542	9.55657	0.98048
111396478.55598	9.25479	0.96488
111396488.55655	8.14824	0.90536
111396498.55711	8.34943	0.91647
111396508.55768	8.34943	0.91647
111396518.55824	9.75777	0.99075
111396528.55881	9.15419	0.95962
111396538.55937	7.64526	0.87697
111396548.55994	8.55062	0.92744
111396558.5605	7.54466	0.87118
111396568.56107	7.84645	0.88844
111396578.56163	7.54466	0.87118
111396588.5622	9.0536	0.95433
111396598.56276	8.34943	0.91647
111396608.56333	9.85836	0.99584
111396618.56389	8.65122	0.93288
111396628.56446	10.05955	1.00596
111396638.56502	8.04764	0.89975
111396648.56559	8.55062	0.92744
111396658.56615	7.14228	0.84763
111396668.56672	10.46193	1.02588
111396678.56728	8.55062	0.92744
111396688.56785	9.0536	0.95433
111396698.56841	6.94109	0.83561
111396708.56898	9.35538	0.97011
111396718.56954	9.25479	0.96488
111396728.57011	10.26074	1.01597
111396738.57067	9.0536	0.95433
111396748.57124	8.65122	0.93288
111396758.5718	8.85241	0.94367
111396768.57237	9.75777	0.99075
111396778.57293	7.94705	0.89411
111396788.5735	9.45598	0.97531
111396798.57406	9.95896	1.00091
111396808.57463	8.14824	0.90536
111396818.57519	9.35538	0.97011
111396828.57576	9.45598	0.97531
111396838.57632	8.55062	0.92744
111396848.57689	10.05955	1.00596
111396858.57745	8.85241	0.94367
111396868.57802	9.25479	0.96488
111396878.57858	8.04764	0.89975
111396888.57915	8.75181	0.93829
111396898.57971	7.14228	0.84763
111396908.58028	9.45598	0.97531
111396918.58084	6.23692	0.79209
111396928.58141	8.24883	0.91093
111396938.58197	8.04764	0.89975
111396948.58254	9.65717	0.98563
111396958.5831	7.44407	0.86536
111396968.58367	10.36134	1.02093
111396978.58423	8.75181	0.93829
111396988.5848	8.45002	0.92197
111396998.58536	8.55062	0.92744
111397008.58593	7.64526	0.87697
111397018.58649	9.35538	0.97011
111397028.58706	8.953	0.94902
111397038.58762	9.95896	1.00091
111397048.58819	8.953	0.94902
111397058.58875	10.05955	1.00596
111397068.58932	8.04764	0.89975
111397078.58988	7.64526	0.87697
111397088.59045	10.56253	1.0308
111397098.59101	9.15419	0.95962
111397108.59158	9.25479	0.96488
111397118.59214	11.06551	1.05505
111397128.59271	9.85836	0.99584
111397138.59327	7.34347	0.85949
111397148.59384	7.54466	0.87118
111397158.5944	8.85241	0.94367
111397168.59497	8.65122	0.93288
111397178.59553	9.35538	0.97011
111397188.5961	7.44407	0.86536
111397198.59666	8.65122	0.93288
111397208.59722	9.75777	0.99075
111397218.59779	8.55062	0.92744
111397228.59835	7.44407	0.86536
111397238.59892	8.55062	0.92744
111397248.59948	8.34943	0.91647
111397258.60005	8.04764	0.89975
111397268.60061	7.34347	0.85949
111397278.60118	9.55657	0.98048
111397288.60174	8.65122	0.93288
111397298.60231	8.24883	0.91093
111397308.60287	9.95896	1.00091
111397318.60344	7.84645	0.88844
111397328.604	7.94705	0.89411
111397338.60457	8.953	0.94902
111397348.60513	7.54466	0.87118
111397358.6057	7.74586	0.88272
111397368.60626	9.55657	0.98048
111397378.60683	7.34347	0.85949
111397388.60739	7.04169	0.84164
111397398.60795	8.65122	0.93288
111397408.60852	9.25479	0.96488
111397418.60908	9.15419	0.95962
111397428.60965	8.953	0.94902
111397438.61021	9.85836	0.99584
111397448.61078	8.85241	0.94367
111397458.61134	10.05955	1.00596
111397468.61191	6.94109	0.83561
111397478.61247	9.65717	0.98563
111397488.61304	9.35538	0.97011
111397498.6136	7.04169	0.84164
111397508.61416	8.45002	0.92197
111397518.61473	8.45002	0.92197
111397528.61529	8.65122	0.93288
111397538.61586	10.66313	1.03569
111397548.61642	10.86432	1.04542
111397558.61699	7.94705	0.89411
111397568.61755	10.96491	1.05025
111397578.61812	10.16015	1.01097
111397588.61868	9.55657	0.98048
111397598.61925	10.96491	1.05025
111397608.61981	10.05955	1.00596
111397618.62037	8.55062	0.92744
111397628.62094	8.55062	0.92744
111397638.6215	8.04764	0.89975
111397648.62207	8.45002	0.92197
111397658.62263	9.0536	0.95433
111397668.6232	8.85241	0.94367
111397678.62376	8.953	0.94902
111397688.62433	7.04169	0.84164
111397698.62489	10.26074	1.01597
111397708.62546	8.65122	0.93288
111397718.62602	8.953	0.94902
111397728.62658	7.64526	0.87697
111397738.62715	9.65717	0.98563
111397748.62771	9.45598	0.97531
111397758.62828	8.14824	0.90536
111397768.62884	10.16015	1.01097
111397778.62941	8.85241	0.94367
111397788.62997	8.65122	0.93288
111397798.63054	8.34943	0.91647
111397808.6311	7.54466	0.87118
111397818.63166	7.34347	0.85949
111397828.63223	7.84645	0.88844
111397838.63279	8.953	0.94902
111397848.63336	8.14824	0.90536
111397858.63392	8.45002	0.92197
111397868.63449	10.86432	1.04542
111397878.63505	9.35538	0.97011
111397888.63561	9.95896	1.00091
111397898.63618	10.86432	1.04542
111397908.63674	8.65122	0.93288
111397918.63731	7.14228	0.84763
111397928.63787	8.85241	0.94367
111397938.63844	7.74586	0.88272
111397948.639	9.45598	0.97531
111397958.63956	7.74586	0.88272
111397968.64013	6.8405	0.82953
111397978.64069	8.55062	0.92744
111397988.64126	11.46789	1.07407
111397998.64182	9.75777	0.99075
111398008.64239	8.953	0.94902
111398018.64295	7.34347	0.85949
111398028.64351	8.75181	0.93829
111398038.64408	8.85241	0.94367
111398048.64464	7.94705	0.89411
111398058.64521	8.75181	0.93829
111398068.64577	7.14228	0.84763
111398078.64634	6.6393	0.81724
111398088.6469	9.45598	0.97531
111398098.64746	7.84645	0.88844
111398108.64803	6.43811	0.80476
111398118.64859	10.36134	1.02093
111398128.64916	7.84645	0.88844
111398138.64972	8.75181	0.93829
111398148.65029	7.44407	0.86536
111398158.65085	9.0536	0.95433
111398168.65141	8.34943	0.91647
111398178.65198	8.55062	0.92744
111398188.65254	8.24883	0.91093
111398198.65311	9.25479	0.96488
111398208.65367	9.95896	1.00091
111398218.65423	9.15419	0.95962
111398228.6548	9.45598	0.97531
111398238.65536	8.04764	0.89975
111398248.65593	9.45598	0.97531
111398258.65649	9.45598	0.97531
111398268.65705	9.15419	0.95962
111398278.65762	9.45598	0.97531
111398288.65818	8.85241	0.94367
111398298.65875	8.24883	0.91093
111398308.65931	8.55062	0.92744
111398318.65988	10.05955	1.00596
111398328.66044	9.35538	0.97011
111398338.661	7.84645	0.88844
111398348.66157	9.35538	0.97011
111398358.66213	8.55062	0.92744
111398368.6627	8.65122	0.93288
111398378.66326	9.55657	0.98048
111398388.66382	10.16015	1.01097
111398398.66439	8.85241	0.94367
111398408.66495	8.75181	0.93829
111398418.66552	8.55062	0.92744
111398428.66608	8.45002	0.92197
111398438.66664	9.0536	0.95433
111398448.66721	8.45002	0.92197
111398458.66777	9.0536	0.95433
111398468.66834	8.55062	0.92744
111398478.6689	8.75181	0.93829
111398488.66946	8.953	0.94902
111398498.67003	6.8405	0.82953
111398508.67059	7.24288	0.85358
111398518.67116	8.65122	0.93288
111398528.67172	7.34347	0.85949
111398538.67228	8.04764	0.89975
111398548.67285	10.56253	1.0308
111398558.67341	8.45002	0.92197
111398568.67398	8.85241	0.94367
111398578.67454	9.35538	0.97011
111398588.6751	7.94705	0.89411
111398598.67567	6.53871	0.81103
111398608.67623	8.55062	0.92744
111398618.67679	8.75181	0.93829
111398628.67736	8.75181	0.93829
111398638.67792	8.953	0.94902
111398648.67849	8.14824	0.90536
111398658.67905	6.53871	0.81103
111398668.67961	9.15419	0.95962
111398678.68018	8.45002	0.92197
111398688.68074	9.55657	0.98048
111398698.68131	8.34943	0.91647
111398708.68187	6.94109	0.83561
111398718.68243	9.25479	0.96488
111398728.683	10.66313	1.03569
111398738.68356	8.75181	0.93829
111398748.68412	8.953	0.94902
111398758.68469	9.25479	0.96488
111398768.68525	9.55657	0.98048
111398778.68582	8.45002	0.92197
111398788.68638	10.46193	1.02588
111398798.68694	9.85836	0.99584
111398808.68751	8.45002	0.92197
111398818.68807	9.95896	1.00091
111398828.68864	9.35538	0.97011
111398838.6892	8.45002	0.92197
111398848.68976	7.94705	0.89411
111398858.69033	9.55657	0.98048
111398868.69089	9.15419	0.95962
111398878.69145	8.45002	0.92197
111398888.69202	7.84645	0.88844
111398898.69258	9.25479	0.96488
111398908.69314	9.45598	0.97531
111398918.69371	8.55062	0.92744
111398928.69427	8.24883	0.91093
111398938.69484	7.94705	0.89411
111398948.6954	10.26074	1.01597
111398958.69596	9.55657	0.98048
111398968.69653	9.25479	0.96488
111398978.69709	7.24288	0.85358
111398988.69765	9.95896	1.00091
111398998.69822	8.953	0.94902
111399008.69878	9.55657	0.98048
111399018.69935	10.05955	1.00596
111399028.69991	8.85241	0.94367
111399038.70047	9.75777	0.99075
111399048.70104	9.65717	0.98563
111399058.7016	10.05955	1.00596
111399068.70216	8.953	0.94902
111399078.70273	9.55657	0.98048
111399088.70329	9.15419	0.95962
111399098.70385	10.66313	1.03569
111399108.70442	8.75181	0.93829
111399118.70498	9.75777	0.99075
111399128.70555	8.75181	0.93829
111399138.70611	7.74586	0.88272
111399148.70667	8.65122	0.93288
111399158.70724	8.65122	0.93288
111399168.7078	8.45002	0.92197
111399178.70836	8.65122	0.93288
111399188.70893	8.85241	0.94367
111399198.70949	9.25479	0.96488
111399208.71005	8.34943	0.91647
111399218.71062	9.35538	0.97011
111399228.71118	7.74586	0.88272
111399238.71174	9.25479	0.96488
111399248.71231	8.34943	0.91647
111399258.71287	7.74586	0.88272
111399268.71343	9.75777	0.99075
111399278.714	8.55062	0.92744
111399288.71456	9.35538	0.97011
111399298.71512	8.24883	0.91093
111399308.71569	7.14228	0.84763
111399318.71625	8.85241	0.94367
111399328.71682	8.953	0.94902
111399338.71738	9.15419	0.95962
111399348.71794	9.25479	0.96488
111399358.71851	9.85836	0.99584
111399368.71907	10.26074	1.01597
111399378.71963	10.16015	1.01097
111399388.7202	10.66313	1.03569
111399398.72076	8.45002	0.92197
111399408.72132	9.85836	0.99584
111399418.72189	9.25479	0.96488
111399428.72245	11.56849	1.07877
111399438.72301	8.953	0.94902
111399448.72358	10.16015	1.01097
111399458.72414	8.55062	0.92744
111399468.7247	10.05955	1.00596
111399478.72527	9.25479	0.96488
111399488.72583	10.26074	1.01597
111399498.72639	8.953	0.94902
111399508.72696	10.36134	1.02093
111399518.72752	8.04764	0.89975
111399528.72808	8.34943	0.91647
111399538.72865	8.24883	0.91093
111399548.72921	10.46193	1.02588
111399558.72977	8.953	0.94902
111399568.73034	9.75777	0.99075
111399578.7309	9.0536	0.95433
111399588.73146	9.35538	0.97011
111399598.73203	10.05955	1.00596
111399608.73259	7.54466	0.87118
111399618.73315	7.44407	0.86536
111399628.73372	8.45002	0.92197
111399638.73428	11.1661	1.05984
111399648.73484	10.76372	1.04057
111399658.73541	8.65122	0.93288
111399668.73597	7.84645	0.88844
111399678.73653	8.55062	0.92744
111399688.7371	9.85836	0.99584
111399698.73766	10.05955	1.00596
111399708.73822	8.04764	0.89975
111399718.73879	8.75181	0.93829
111399728.73935	9.75777	0.99075
111399738.73991	8.85241	0.94367
111399748.74047	9.15419	0.95962
111399758.74104	7.04169	0.84164
111399768.7416	8.04764	0.89975
111399778.74216	8.24883	0.91093
111399788.74273	9.55657	0.98048
111399798.74329	8.85241	0.94367
111399808.74385	8.85241	0.94367
111399818.74442	8.85241	0.94367
111399828.74498	8.65122	0.93288
111399838.74554	7.74586	0.88272
111399848.74611	8.953	0.94902
111399858.74667	6.94109	0.83561
111399868.74723	7.64526	0.87697
111399878.7478	8.24883	0.91093
111399888.74836	10.36134	1.02093
111399898.74892	9.35538	0.97011
111399908.74948	9.65717	0.98563
111399918.75005	7.74586	0.88272
111399928.75061	8.55062	0.92744
111399938.75117	9.65717	0.98563
111399948.75174	10.16015	1.01097
111399958.7523	10.36134	1.02093
111399968.75286	8.65122	0.93288
111399978.75343	11.2667	1.0646
111399988.75399	8.45002	0.92197
111399998.75455	8.65122	0.93288
111400008.75512	8.85241	0.94367
111400018.75568	7.54466	0.87118
111400028.75624	11.1661	1.05984
111400038.7568	8.55062	0.92744
111400048.75737	9.15419	0.95962
111400058.75793	9.55657	0.98048
111400068.75849	10.05955	1.00596
111400078.75906	9.55657	0.98048
111400088.75962	9.95896	1.00091
111400098.76018	9.25479	0.96488
111400108.76075	8.04764	0.89975
111400118.76131	9.75777	0.99075
111400128.76187	10.05955	1.00596
111400138.76243	9.75777	0.99075
111400148.763	11.76968	1.08811
111400158.76356	8.953	0.94902
111400168.76412	10.96491	1.05025
111400178.76469	9.65717	0.98563
111400188.76525	10.36134	1.02093
111400198.76581	7.54466	0.87118
111400208.76637	9.15419	0.95962
111400218.76694	8.953	0.94902
111400228.7675	9.45598	0.97531
111400238.76806	10.46193	1.02588
111400248.76863	7.14228	0.84763
111400258.76919	7.84645	0.88844
111400268.76975	7.24288	0.85358
111400278.77031	9.55657	0.98048
111400288.77088	7.64526	0.87697
111400298.77144	8.75181	0.93829
111400308.772	8.65122	0.93288
111400318.77257	10.76372	1.04057
111400328.77313	8.85241	0.94367
111400338.77369	8.14824	0.90536
111400348.77425	8.65122	0.93288
111400358.77482	8.34943	0.91647
111400368.77538	8.34943	0.91647
111400378.77594	8.04764	0.89975
111400388.77651	8.65122	0.93288
111400398.77707	8.65122	0.93288
111400408.77763	7.54466	0.87118
111400418.77819	9.15419	0.95962
111400428.77876	9.15419	0.95962
111400438.77932	9.65717	0.98563
111400448.77988	8.45002	0.92197
111400458.78045	9.0536	0.95433
111400468.78101	8.45002	0.92197
111400478.78157	8.85241	0.94367
111400488.78213	7.54466	0.87118
111400498.7827	8.953	0.94902
111400508.78326	9.0536	0.95433
111400518.78382	10.86432	1.04542
111400528.78438	10.26074	1.01597
111400538.78495	9.0536	0.95433
111400548.78551	10.16015	1.01097
111400558.78607	10.66313	1.03569
111400568.78663	9.65717	0.98563
111400578.7872	8.04764	0.89975
111400588.78776	9.65717	0.98563
111400598.78832	9.15419	0.95962
111400608.78889	11.06551	1.05505
111400618.78945	10.66313	1.03569
111400628.79001	7.64526	0.87697
111400638.79057	8.55062	0.92744
111400648.79114	8.45002	0.92197
111400658.7917	9.95896	1.00091
111400668.79226	8.14824	0.90536
111400678.79282	9.35538	0.97011
111400688.79339	9.35538	0.97011
111400698.79395	9.0536	0.95433
111400708.79451	7.64526	0.87697
111400718.79507	8.55062	0.92744
111400728.79564	8.24883	0.91093
111400738.7962	10.26074	1.01597
111400748.79676	10.36134	1.02093
111400758.79732	9.55657	0.98048
111400768.79789	9.65717	0.98563
111400778.79845	9.55657	0.98048
111400788.79901	9.25479	0.96488
111400798.79957	9.55657	0.98048
111400808.80014	8.953	0.94902
111400818.8007	7.34347	0.85949
111400828.80126	10.56253	1.0308
111400838.80182	9.65717	0.98563
111400848.80239	7.84645	0.88844
111400858.80295	9.35538	0.97011
111400868.80351	8.75181	0.93829
111400878.80407	9.15419	0.95962
111400888.80464	8.55062	0.92744
111400898.8052	8.953	0.94902
111400908.80576	8.14824	0.90536
111400918.80632	7.14228	0.84763
111400928.80689	9.45598	0.97531
111400938.80745	7.24288	0.85358
111400948.80801	10.56253	1.0308
111400958.80857	7.14228	0.84763
111400968.80914	7.94705	0.89411
111400978.8097	9.15419	0.95962
111400988.81026	7.94705	0.89411
111400998.81082	7.54466	0.87118
111401008.81139	9.55657	0.98048
111401018.81195	7.44407	0.86536
111401028.81251	9.0536	0.95433
111401038.81307	9.25479	0.96488
111401048.81364	10.05955	1.00596
111401058.8142	9.65717	0.98563
111401068.81476	8.85241	0.94367
111401078.81532	10.16015	1.01097
111401088.81589	9.25479	0.96488
111401098.81645	11.2667	1.0646
111401108.81701	10.26074	1.01597
111401118.81757	11.76968	1.08811
111401128.81813	9.45598	0.97531
111401138.8187	10.16015	1.01097
111401148.81926	9.15419	0.95962
111401158.81982	10.66313	1.03569
111401168.82038	9.0536	0.95433
111401178.82095	8.953	0.94902
111401188.82151	9.85836	0.99584
111401198.82207	9.15419	0.95962
111401208.82263	10.16015	1.01097
111401218.8232	7.94705	0.89411
111401228.82376	10.96491	1.05025
111401238.82432	8.953	0.94902
111401248.82488	8.65122	0.93288
111401258.82544	8.65122	0.93288
111401268.82601	9.45598	0.97531
111401278.82657	8.953	0.94902
111401288.82713	9.25479	0.96488
111401298.82769	9.95896	1.00091
111401308.82826	8.65122	0.93288
111401318.82882	8.55062	0.92744
111401328.82938	7.94705	0.89411
111401338.82994	9.15419	0.95962
111401348.8305	10.16015	1.01097
111401358.83107	7.54466	0.87118
111401368.83163	9.25479	0.96488
111401378.83219	9.25479	0.96488
111401388.83275	8.953	0.94902
111401398.83332	8.75181	0.93829
111401408.83388	9.75777	0.99075
111401418.83444	9.45598	0.97531
111401428.835	7.64526	0.87697
111401438.83556	9.85836	0.99584
111401448.83613	7.84645	0.88844
111401458.83669	9.35538	0.97011
111401468.83725	7.44407	0.86536
111401478.83781	9.0536	0.95433
111401488.83837	9.15419	0.95962
111401498.83894	8.55062	0.92744
111401508.8395	6.94109	0.83561
111401518.84006	8.953	0.94902
111401528.84062	8.953	0.94902
111401538.84118	10.16015	1.01097
111401548.84175	7.24288	0.85358
111401558.84231	9.35538	0.97011
111401568.84287	8.24883	0.91093
111401578.84343	9.0536	0.95433
111401588.844	8.34943	0.91647
111401598.84456	8.55062	0.92744
111401608.84512	9.65717	0.98563
111401618.84568	9.0536	0.95433
111401628.84624	10.66313	1.03569
111401638.84681	10.36134	1.02093
111401648.84737	10.96491	1.05025
111401658.84793	10.36134	1.02093
111401668.84849	8.24883	0.91093
111401678.84905	9.15419	0.95962
111401688.84962	9.25479	0.96488
111401698.85018	8.75181	0.93829
111401708.85074	8.953	0.94902
111401718.8513	7.44407	0.86536
111401728.85186	9.65717	0.98563
111401738.85242	9.75777	0.99075
111401748.85299	9.25479	0.96488
111401758.85355	8.55062	0.92744
111401768.85411	8.45002	0.92197
111401778.85467	10.36134	1.02093
111401788.85523	10.16015	1.01097
111401798.8558	9.55657	0.98048
111401808.85636	9.0536	0.95433
111401818.85692	8.85241	0.94367
111401828.85748	10.66313	1.03569
111401838.85804	9.75777	0.99075
111401848.85861	10.66313	1.03569
111401858.85917	9.15419	0.95962
111401868.85973	9.15419	0.95962
111401878.86029	7.84645	0.88844
111401888.86085	9.65717	0.98563
111401898.86142	10.36134	1.02093
111401908.86198	8.24883	0.91093
111401918.86254	8.75181	0.93829
111401928.8631	8.953	0.94902
111401938.86366	10.36134	1.02093
111401948.86422	9.75777	0.99075
111401958.86479	9.65717	0.98563
111401968.86535	9.0536	0.95433
111401978.86591	10.36134	1.02093
111401988.86647	9.55657	0.98048
111401998.86703	8.55062	0.92744
111402008.86759	10.66313	1.03569
111402018.86816	9.85836	0.99584
111402028.86872	10.26074	1.01597
111402038.86928	8.85241	0.94367
111402048.86984	9.0536	0.95433
111402058.8704	8.24883	0.91093
111402068.87097	8.34943	0.91647
111402078.87153	8.55062	0.92744
111402088.87209	7.94705	0.89411
111402098.87265	10.16015	1.01097
111402108.87321	7.34347	0.85949
111402118.87377	10.56253	1.0308
111402128.87434	8.24883	0.91093
111402138.8749	7.44407	0.86536
111402148.87546	8.45002	0.92197
111402158.87602	9.0536	0.95433
111402168.87658	9.0536	0.95433
111402178.87714	11.56849	1.07877
111402188.87771	10.36134	1.02093
111402198.87827	9.65717	0.98563
111402208.87883	8.65122	0.93288
111402218.87939	8.75181	0.93829
111402228.87995	8.14824	0.90536
111402238.88051	8.75181	0.93829
111402248.88108	8.85241	0.94367
111402258.88164	9.75777	0.99075
111402268.8822	9.25479	0.96488
111402278.88276	9.75777	0.99075
111402288.88332	9.85836	0.99584
111402298.88388	7.54466	0.87118
111402308.88445	9.0536	0.95433
111402318.88501	8.14824	0.90536
111402328.88557	10.26074	1.01597
111402338.88613	8.75181	0.93829
111402348.88669	10.56253	1.0308
111402358.88725	7.74586	0.88272
111402368.88781	9.35538	0.97011
111402378.88838	9.55657	0.98048
111402388.88894	7.74586	0.88272
111402398.8895	8.85241	0.94367
111402408.89006	9.65717	0.98563
111402418.89062	9.75777	0.99075
111402428.89118	10.16015	1.01097
111402438.89175	8.24883	0.91093
111402448.89231	8.55062	0.92744
111402458.89287	7.74586	0.88272
111402468.89343	8.75181	0.93829
111402478.89399	9.0536	0.95433
111402488.89455	9.95896	1.00091
111402498.89511	12.07146	1.10197
111402508.89568	10.26074	1.01597
111402518.89624	8.14824	0.90536
111402528.8968	8.45002	0.92197
111402538.89736	10.05955	1.00596
111402548.89792	9.25479	0.96488
111402558.89848	6.23692	0.79209
111402568.89904	7.34347	0.85949
111402578.89961	8.953	0.94902
111402588.90017	9.25479	0.96488
111402598.90073	9.35538	0.97011
111402608.90129	9.35538	0.97011
111402618.90185	8.14824	0.90536
111402628.90241	9.25479	0.96488
111402638.90297	10.05955	1.00596
111402648.90354	6.6393	0.81724
111402658.9041	11.2667	1.0646
111402668.90466	8.85241	0.94367
111402678.90522	8.55062	0.92744
111402688.90578	7.64526	0.87697
111402698.90634	8.953	0.94902
111402708.9069	9.85836	0.99584
111402718.90746	7.94705	0.89411
111402728.90803	8.45002	0.92197
111402738.90859	9.45598	0.97531
111402748.90915	8.75181	0.93829
111402758.90971	10.66313	1.03569
111402768.91027	9.95896	1.00091
111402778.91083	9.95896	1.00091
111402788.91139	8.24883	0.91093
111402798.91195	9.95896	1.00091
111402808.91252	9.45598	0.97531
111402818.91308	8.24883	0.91093
111402828.91364	9.0536	0.95433
111402838.9142	10.86432	1.04542
111402848.91476	8.14824	0.90536
111402858.91532	9.25479	0.96488
111402868.91588	8.75181	0.93829
111402878.91644	9.25479	0.96488
111402888.91701	8.55062	0.92744
111402898.91757	9.55657	0.98048
111402908.91813	9.0536	0.95433
111402918.91869	9.95896	1.00091
111402928.91925	8.55062	0.92744
111402938.91981	9.95896	1.00091
111402948.92037	8.34943	0.91647
111402958.92093	7.54466	0.87118
111402968.9215	9.35538	0.97011
111402978.92206	9.0536	0.95433
111402988.92262	9.15419	0.95962
111402998.92318	10.46193	1.02588
111403008.92374	9.0536	0.95433
111403018.9243	11.1661	1.05984
111403028.92486	8.85241	0.94367
111403038.92542	9.55657	0.98048
111403048.92598	9.55657	0.98048
111403058.92655	8.55062	0.92744
111403068.92711	9.55657	0.98048
111403078.92767	9.75777	0.99075
111403088.92823	11.06551	1.05505
111403098.92879	9.45598	0.97531
111403108.92935	10.66313	1.03569
111403118.92991	8.04764	0.89975
111403128.93047	9.75777	0.99075
111403138.93103	11.46789	1.07407
111403148.9316	9.35538	0.97011
111403158.93216	10.26074	1.01597
111403168.93272	10.16015	1.01097
111403178.93328	7.54466	0.87118
111403188.93384	10.46193	1.02588
111403198.9344	7.24288	0.85358
111403208.93496	9.0536	0.95433
111403218.93552	9.0536	0.95433
111403228.93608	9.45598	0.97531
111403238.93664	8.04764	0.89975
111403248.93721	8.953	0.94902
111403258.93777	8.65122	0.93288
111403268.93833	8.953	0.94902
111403278.93889	8.75181	0.93829
111403288.93945	10.05955	1.00596
111403298.94001	10.56253	1.0308
111403308.94057	8.55062	0.92744
111403318.94113	10.36134	1.02093
111403328.94169	8.85241	0.94367
111403338.94225	11.2667	1.0646
111403348.94282	12.37325	1.11566
111403358.94338	9.55657	0.98048
111403368.94394	8.45002	0.92197
111403378.9445	8.45002	0.92197
111403388.94506	10.36134	1.02093
111403398.94562	9.95896	1.00091
111403408.94618	8.65122	0.93288
111403418.94674	8.85241	0.94367
111403428.9473	9.65717	0.98563
111403438.94786	9.55657	0.98048
111403448.94842	9.55657	0.98048
111403458.94898	8.24883	0.91093
111403468.94955	7.84645	0.88844
111403478.95011	9.0536	0.95433
111403488.95067	7.24288	0.85358
111403498.95123	10.66313	1.03569
111403508.95179	9.55657	0.98048
111403518.95235	8.34943	0.91647
111403528.95291	8.65122	0.93288
111403538.95347	8.45002	0.92197
111403548.95403	10.16015	1.01097
111403558.95459	10.26074	1.01597
111403568.95515	9.85836	0.99584
111403578.95571	10.66313	1.03569
111403588.95628	10.05955	1.00596
111403598.95684	10.46193	1.02588
111403608.9574	11.2667	1.0646
111403618.95796	8.55062	0.92744
111403628.95852	9.95896	1.00091
111403638.95908	10.66313	1.03569
111403648.95964	10.16015	1.01097
111403658.9602	9.75777	0.99075
111403668.96076	11.46789	1.07407
111403678.96132	8.45002	0.92197
111403688.96188	8.953	0.94902
111403698.96244	7.64526	0.87697
111403708.963	9.65717	0.98563
111403718.96356	8.75181	0.93829
111403728.96413	6.8405	0.82953
111403738.96469	9.65717	0.98563
111403748.96525	9.95896	1.00091
111403758.96581	10.26074	1.01597
111403768.96637	9.55657	0.98048
111403778.96693	9.65717	0.98563
111403788.96749	9.25479	0.96488
111403798.96805	8.04764	0.89975
111403808.96861	8.75181	0.93829
111403818.96917	8.04764	0.89975
111403828.96973	9.55657	0.98048
111403838.97029	9.95896	1.00091
111403848.97085	6.94109	0.83561
111403858.97141	10.66313	1.03569
111403868.97197	10.36134	1.02093
111403878.97254	9.55657	0.98048
111403888.9731	10.86432	1.04542
111403898.97366	9.0536	0.95433
111403908.97422	9.75777	0.99075
111403918.97478	10.05955	1.00596
111403928.97534	8.24883	0.91093
111403938.9759	9.25479	0.96488
111403948.97646	9.45598	0.97531
111403958.97702	8.34943	0.91647
111403968.97758	9.45598	0.97531
111403978.97814	10.36134	1.02093
111403988.9787	10.26074	1.01597
111403998.97926	10.16015	1.01097
111404008.97982	8.14824	0.90536
111404018.98038	7.64526	0.87697
111404028.98094	9.25479	0.96488
111404038.9815	8.14824	0.90536
111404048.98206	10.86432	1.04542
111404058.98262	10.46193	1.02588
111404068.98318	10.05955	1.00596
111404078.98375	10.05955	1.00596
111404088.98431	9.0536	0.95433
111404098.98487	8.45002	0.92197
111404108.98543	10.96491	1.05025
111404118.98599	8.34943	0.91647
111404128.98655	9.45598	0.97531
111404138.98711	10.76372	1.04057
111404148.98767	10.56253	1.0308
111404158.98823	8.85241	0.94367
111404168.98879	9.35538	0.97011
111404178.98935	9.15419	0.95962
111404188.98991	11.2667	1.0646
111404198.99047	8.65122	0.93288
111404208.99103	9.25479	0.96488
111404218.99159	10.46193	1.02588
111404228.99215	10.86432	1.04542
111404238.99271	9.0536	0.95433
111404248.99327	10.66313	1.03569
111404258.99383	9.65717	0.98563
111404268.99439	8.14824	0.90536
111404278.99495	9.65717	0.98563
111404288.99551	9.85836	0.99584
111404298.99607	8.55062	0.92744
111404308.99663	9.55657	0.98048
111404318.99719	9.85836	0.99584
111404328.99775	9.15419	0.95962
111404338.99832	10.26074	1.01597
111404348.99888	7.44407	0.86536
111404358.99944	7.84645	0.88844
111404369.0	7.94705	0.89411
111404379.00056	9.0536	0.95433
111404389.00112	9.45598	0.97531
111404399.00168	9.35538	0.97011
111404409.00224	9.0536	0.95433
111404419.0028	8.65122	0.93288
111404429.00336	10.36134	1.02093
111404439.00392	9.95896	1.00091
111404449.00448	9.75777	0.99075
111404459.00504	10.26074	1.01597
111404469.0056	7.84645	0.88844
111404479.00616	9.85836	0.99584
111404489.00672	9.25479	0.96488
111404499.00728	10.46193	1.02588
111404509.00784	9.0536	0.95433
111404519.0084	9.55657	0.98048
111404529.00896	9.15419	0.95962
111404539.00952	8.953	0.94902
111404549.01008	9.85836	0.99584
111404559.01064	8.55062	0.92744
111404569.0112	10.16015	1.01097
111404579.01176	7.64526	0.87697
111404589.01232	10.05955	1.00596
111404599.01288	8.953	0.94902
111404609.01344	9.55657	0.98048
111404619.014	9.15419	0.95962
111404629.01456	8.55062	0.92744
111404639.01512	8.75181	0.93829
111404649.01568	8.55062	0.92744
111404659.01624	10.05955	1.00596
111404669.0168	8.75181	0.93829
111404679.01736	9.45598	0.97531
111404689.01792	7.24288	0.85358
111404699.01848	7.54466	0.87118
111404709.01904	9.85836	0.99584
111404719.0196	8.14824	0.90536
111404729.02016	8.04764	0.89975
111404739.02072	8.953	0.94902
111404749.02128	8.85241	0.94367
111404759.02184	8.953	0.94902
111404769.0224	9.15419	0.95962
111404779.02296	8.14824	0.90536
111404789.02352	10.05955	1.00596
111404799.02408	9.95896	1.00091
111404809.02464	8.14824	0.90536
111404819.0252	12.37325	1.11566
111404829.02576	7.64526	0.87697
111404839.02632	9.75777	0.99075
111404849.02688	11.36729	1.06935
111404859.02744	8.34943	0.91647
111404869.028	10.36134	1.02093
111404879.02856	9.95896	1.00091
111404889.02912	9.45598	0.97531
111404899.02968	8.45002	0.92197
111404909.03024	8.04764	0.89975
111404919.0308	9.25479	0.96488
111404929.03136	8.24883	0.91093
111404939.03192	9.25479	0.96488
111404949.03248	7.04169	0.84164
111404959.03304	8.45002	0.92197
111404969.0336	10.05955	1.00596
111404979.03416	7.64526	0.87697
111404989.03472	10.96491	1.05025
111404999.03528	10.86432	1.04542
111405009.03584	10.26074	1.01597
111405019.0364	9.45598	0.97531
111405029.03696	10.56253	1.0308
111405039.03752	8.75181	0.93829
111405049.03808	8.75181	0.93829
111405059.03864	10.26074	1.01597
111405069.0392	7.34347	0.85949
111405079.03976	7.24288	0.85358
111405089.04032	8.55062	0.92744
111405099.04088	10.96491	1.05025
111405109.04144	9.55657	0.98048
111405119.042	8.65122	0.93288
111405129.04256	10.16015	1.01097
111405139.04312	10.56253	1.0308
111405149.04368	8.953	0.94902
111405159.04424	9.25479	0.96488
111405169.0448	9.0536	0.95433
111405179.04536	8.45002	0.92197
111405189.04592	8.14824	0.90536
111405199.04648	9.75777	0.99075
111405209.04704	9.25479	0.96488
111405219.0476	8.953	0.94902
111405229.04816	8.17685	0.97041
111405239.04872	8.8448	1.11434
111405249.04927	8.953	0.94902
111405259.04983	7.54466	0.87118
111405269.05039	9.25479	0.96488
111405279.05095	7.24288	0.85358
111405289.05151	9.35538	0.97011
111405299.05207	10.26074	1.01597
111405309.05263	8.65122	0.93288
111405319.05319	9.95896	1.00091
111405329.05375	9.65717	0.98563
111405339.05431	8.65122	0.93288
111405349.05487	8.24883	0.91093
111405359.05543	8.24883	0.91093
111405369.05599	9.35538	0.97011
111405379.05655	9.45598	0.97531
111405389.05711	10.16015	1.01097
111405399.05767	10.36134	1.02093
111405409.05823	9.85836	0.99584
111405419.05879	8.04764	0.89975
111405429.05935	9.95896	1.00091
111405439.05991	9.15419	0.95962
111405449.06047	9.0536	0.95433
111405459.06103	9.55657	0.98048
111405469.06159	8.45002	0.92197
111405479.06215	6.94109	0.83561
111405489.06271	9.85836	0.99584
111405499.06327	8.14824	0.90536
111405509.06383	9.0536	0.95433
111405519.06438	9.15419	0.95962
111405529.06494	8.55062	0.92744
111405539.0655	8.34943	0.91647
111405549.06606	7.48111	0.8756
114844848.91482	10.53743	4.71248
114844858.91482	11.68765	1.08517
114844868.91482	12.99747	1.14436
114844878.91482	11.78841	1.08984
114844888.91482	9.87405	0.99743
114844898.91482	9.97481	1.00251
114844908.91482	13.80352	1.17931
114844918.91482	12.39294	1.11743
114844928.91482	13.50125	1.16633
114844938.91482	12.89672	1.13992
114844948.91482	12.19143	1.10831
114844958.91482	12.79596	1.13546
114844968.91482	12.4937	1.12197
114844978.91482	13.50125	1.16633
114844988.91482	12.19143	1.10831
114844998.91482	12.4937	1.12197
114845008.91482	11.68765	1.08517
114845018.91482	11.68765	1.08517
114845028.91482	11.98992	1.09911
114845038.91482	12.99747	1.14436
114845048.91482	12.4937	1.12197
114845058.91482	11.98992	1.09911
114845068.91481	14.00503	1.18789
114845078.91481	10.17632	1.01258
114845088.91481	12.69521	1.13098
114845098.91481	13.50125	1.16633
114845108.91481	11.78841	1.08984
114845118.91481	11.88916	1.09449
114845128.91481	11.28463	1.0663
114845138.91481	10.98236	1.05192
114845148.91481	14.20654	1.19641
114845158.91481	11.38538	1.07105
114845168.91481	10.88161	1.04708
114845178.91481	16.22165	1.27845
114845188.91481	11.38538	1.07105
114845198.91481	9.97481	1.00251
114845208.91481	10.07556	1.00756
114845218.91481	11.48614	1.07578
114845228.91481	12.29219	1.11288
114845238.91481	14.40805	1.20486
114845248.9148	12.69521	1.13098
114845258.9148	10.88161	1.04708
114845268.9148	10.98236	1.05192
114845278.9148	12.59445	1.12648
114845288.9148	11.48614	1.07578
114845298.9148	13.80352	1.17931
114845308.9148	14.00503	1.18789
114845318.9148	11.98992	1.09911
114845328.9148	12.29219	1.11288
114845338.9148	11.08312	1.05673
114845348.9148	11.78841	1.08984
114845358.9148	12.59445	1.12648
114845368.9148	13.09823	1.14879
114845378.9148	13.50125	1.16633
114845388.91479	12.59445	1.12648
114845398.91479	11.28463	1.0663
114845408.91479	12.39294	1.11743
114845418.91479	10.98236	1.05192
114845428.91479	12.59445	1.12648
114845438.91479	12.09067	1.10372
114845448.91479	10.88161	1.04708
114845458.91479	12.29219	1.11288
114845468.91479	12.09067	1.10372
114845478.91479	11.78841	1.08984
114845488.91479	10.17632	1.01258
114845498.91479	12.79596	1.13546
114845508.91479	12.29219	1.11288
114845518.91478	13.29974	1.15759
114845528.91478	13.4005	1.16197
114845538.91478	14.20654	1.19641
114845548.91478	14.10579	1.19216
114845558.91478	11.88916	1.09449
114845568.91478	12.59445	1.12648
114845578.91478	12.59445	1.12648
114845588.91478	11.48614	1.07578
114845598.91478	12.29219	1.11288
114845608.91478	11.28463	1.0663
114845618.91478	13.4005	1.16197
114845628.91477	11.78841	1.08984
114845638.91477	14.20654	1.19641
114845648.91477	14.20654	1.19641
114845658.91477	10.07556	1.00756
114845668.91477	10.6801	1.03734
114845678.91477	12.39294	1.11743
114845688.91477	11.38538	1.07105
114845698.91477	11.18387	1.06153
114845708.91477	10.27707	1.01758
114845718.91477	11.98992	1.09911
114845728.91477	11.78841	1.08984
114845738.91476	9.57178	0.98204
114845748.91476	11.5869	1.08048
114845758.91476	12.39294	1.11743
114845768.91476	11.88916	1.09449
114845778.91476	12.29219	1.11288
114845788.91476	12.99747	1.14436
114845798.91476	13.29974	1.15759
114845808.91476	10.27707	1.01758
114845818.91476	13.19899	1.1532
114845828.91475	12.29219	1.11288
114845838.91475	14.20654	1.19641
114845848.91475	11.5869	1.08048
114845858.91475	11.98992	1.09911
114845868.91475	12.69521	1.13098
114845878.91475	12.79596	1.13546
114845888.91475	12.79596	1.13546
114845898.91475	12.79596	1.13546
114845908.91475	11.5869	1.08048
114845918.91474	11.78841	1.08984
114845928.91474	12.89672	1.13992
114845938.91474	11.08312	1.05673
114845948.91474	12.4937	1.12197
114845958.91474	13.4005	1.16197
114845968.91474	11.18387	1.06153
114845978.91474	11.08312	1.05673
114845988.91474	14.40805	1.20486
114845998.91474	11.68765	1.08517
114846008.91473	10.57934	1.03244
114846018.91473	12.29219	1.11288
114846028.91473	11.38538	1.07105
114846038.91473	12.59445	1.12648
114846048.91473	11.48614	1.07578
114846058.91473	14.71032	1.21743
114846068.91473	12.89672	1.13992
114846078.91473	11.98992	1.09911
114846088.91472	13.70276	1.175
114846098.91472	11.88916	1.09449
114846108.91472	14.91183	1.22574
114846118.91472	14.60956	1.21326
114846128.91472	12.59445	1.12648
114846138.91472	11.98992	1.09911
114846148.91472	11.48614	1.07578
114846158.91472	10.47858	1.02751
114846168.91471	12.09067	1.10372
114846178.91471	11.68765	1.08517
114846188.91471	12.79596	1.13546
114846198.91471	12.69521	1.13098
114846208.91471	13.4005	1.16197
114846218.91471	12.79596	1.13546
114846228.91471	10.17632	1.01258
114846238.9147	12.19143	1.10831
114846248.9147	12.89672	1.13992
114846258.9147	11.38538	1.07105
114846268.9147	11.68765	1.08517
114846278.9147	11.38538	1.07105
114846288.9147	12.69521	1.13098
114846298.9147	12.29219	1.11288
114846308.91469	12.4937	1.12197
114846318.91469	11.98992	1.09911
114846328.91469	12.99747	1.14436
114846338.91469	12.69521	1.13098
114846348.91469	12.99747	1.14436
114846358.91469	12.79596	1.13546
114846368.91469	11.48614	1.07578
114846378.91468	13.50125	1.16633
114846388.91468	10.88161	1.04708
114846398.91468	12.09067	1.10372
114846408.91468	11.88916	1.09449
114846418.91468	10.17632	1.01258
114846428.91468	10.27707	1.01758
114846438.91468	10.57934	1.03244
114846448.91467	7.35516	0.86086
114846458.91467	12.29219	1.11288
114846468.91467	11.88916	1.09449
114846478.91467	10.37783	1.02256
114846488.91467	11.5869	1.08048
114846498.91467	11.08312	1.05673
114846508.91466	11.18387	1.06153
114846518.91466	10.78085	1.04222
114846528.91466	10.6801	1.03734
114846538.91466	10.78085	1.04222
114846548.91466	10.37783	1.02256
114846558.91466	10.98236	1.05192
114846568.91466	10.57934	1.03244
114846578.91465	11.88916	1.09449
114846588.91465	11.18387	1.06153
114846598.91465	10.07556	1.00756
114846608.91465	9.47103	0.97686
114846618.91465	11.28463	1.0663
114846628.91465	10.98236	1.05192
114846638.91464	9.57178	0.98204
114846648.91464	10.47858	1.02751
114846658.91464	12.09067	1.10372
114846668.91464	13.50125	1.16633
114846678.91464	11.68765	1.08517
114846688.91463	10.07556	1.00756
114846698.91463	12.4937	1.12197
114846708.91463	8.46347	0.92344
114846718.91463	12.4937	1.12197
114846728.91463	11.98992	1.09911
114846738.91463	11.88916	1.09449
114846748.91462	11.88916	1.09449
114846758.91462	10.57934	1.03244
114846768.91462	11.08312	1.05673
114846778.91462	9.97481	1.00251
114846788.91462	10.78085	1.04222
114846798.91462	13.80352	1.17931
114846808.91461	12.99747	1.14436
114846818.91461	12.4937	1.12197
114846828.91461	11.08312	1.05673
114846838.91461	11.28463	1.0663
114846848.91461	14.60956	1.21326
114846858.9146	12.89672	1.13992
114846868.9146	13.70276	1.175
114846878.9146	13.09823	1.14879
114846888.9146	15.61712	1.2544
114846898.9146	13.29974	1.15759
114846908.9146	11.5869	1.08048
114846918.91459	11.18387	1.06153
114846928.91459	13.90427	1.18361
114846938.91459	14.10579	1.19216
114846948.91459	13.19899	1.1532
114846958.91459	11.48614	1.07578
114846968.91458	13.19899	1.1532
114846978.91458	13.29974	1.15759
114846988.91458	14.00503	1.18789
114846998.91458	12.59445	1.12648
114847008.91458	13.29974	1.15759
114847018.91457	11.28463	1.0663
114847028.91457	10.6801	1.03734
114847038.91457	9.77329	0.99233
114847048.91457	11.48614	1.07578
114847058.91457	12.79596	1.13546
114847068.91456	12.39294	1.11743
114847078.91456	11.78841	1.08984
114847088.91456	12.79596	1.13546
114847098.91456	11.78841	1.08984
114847108.91456	9.87405	0.99743
114847118.91455	11.38538	1.07105
114847128.91455	10.57934	1.03244
114847138.91455	12.79596	1.13546
114847148.91455	11.28463	1.0663
114847158.91455	12.59445	1.12648
114847168.91454	11.08312	1.05673
114847178.91454	13.19899	1.1532
114847188.91454	14.81108	1.2216
114847198.91454	13.90427	1.18361
114847208.91454	11.28463	1.0663
114847218.91453	14.3073	1.20064
114847228.91453	12.89672	1.13992
114847238.91453	11.78841	1.08984
114847248.91453	14.3073	1.20064
114847258.91452	11.5869	1.08048
114847268.91452	12.69521	1.13098
114847278.91452	13.19899	1.1532
114847288.91452	9.47103	0.97686
114847298.91452	11.38538	1.07105
114847308.91451	13.4005	1.16197
114847318.91451	11.78841	1.08984
114847328.91451	14.20654	1.19641
114847338.91451	13.50125	1.16633
114847348.91451	10.78085	1.04222
114847358.9145	12.89672	1.13992
114847368.9145	10.78085	1.04222
114847378.9145	10.27707	1.01758
114847388.9145	10.98236	1.05192
114847398.91449	14.00503	1.18789
114847408.91449	11.78841	1.08984
114847418.91449	12.89672	1.13992
114847428.91449	12.09067	1.10372
114847438.91449	12.39294	1.11743
114847448.91448	14.20654	1.19641
114847458.91448	12.69521	1.13098
114847468.91448	13.50125	1.16633
114847478.91448	13.29974	1.15759
114847488.91447	12.99747	1.14436
114847498.91447	13.19899	1.1532
114847508.91447	12.99747	1.14436
114847518.91447	12.4937	1.12197
114847528.91446	14.10579	1.19216
114847538.91446	10.6801	1.03734
114847548.91446	15.31485	1.2422
114847558.91446	14.3073	1.20064
114847568.91445	12.89672	1.13992
114847578.91445	13.70276	1.175
114847588.91445	13.29974	1.15759
114847598.91445	14.00503	1.18789
114847608.91445	12.09067	1.10372
114847618.91444	12.79596	1.13546
114847628.91444	14.20654	1.19641
114847638.91444	13.90427	1.18361
114847648.91444	11.88916	1.09449
114847658.91443	13.29974	1.15759
114847668.91443	13.70276	1.175
114847678.91443	13.4005	1.16197
114847688.91443	13.09823	1.14879
114847698.91442	13.90427	1.18361
114847708.91442	16.22165	1.27845
114847718.91442	13.29974	1.15759
114847728.91442	12.09067	1.10372
114847738.91441	12.89672	1.13992
114847748.91441	13.29974	1.15759
114847758.91441	12.79596	1.13546
114847768.91441	14.3073	1.20064
114847778.9144	13.19899	1.1532
114847788.9144	13.70276	1.175
114847798.9144	9.77329	0.99233
114847808.9144	11.88916	1.09449
114847818.91439	14.50881	1.20907
114847828.91439	12.19143	1.10831
114847838.91439	11.5869	1.08048
114847848.91439	12.59445	1.12648
114847858.91438	13.09823	1.14879
114847868.91438	14.20654	1.19641
114847878.91438	11.78841	1.08984
114847888.91437	13.19899	1.1532
114847898.91437	14.20654	1.19641
114847908.91437	12.79596	1.13546
114847918.91437	11.28463	1.0663
114847928.91436	12.39294	1.11743
114847938.91436	9.16876	0.96115
114847948.91436	10.88161	1.04708
114847958.91436	11.18387	1.06153
114847968.91435	12.19143	1.10831
114847978.91435	11.5869	1.08048
114847988.91435	12.59445	1.12648
114847998.91435	14.71032	1.21743
114848008.91434	13.60201	1.17067
114848018.91434	12.19143	1.10831
114848028.91434	10.27707	1.01758
114848038.91433	13.60201	1.17067
114848048.91433	13.50125	1.16633
114848058.91433	12.79596	1.13546
114848068.91433	15.2141	1.23811
114848078.91432	14.50881	1.20907
114848088.91432	12.69521	1.13098
114848098.91432	12.79596	1.13546
114848108.91432	12.19143	1.10831
114848118.91431	14.60956	1.21326
114848128.91431	11.78841	1.08984
114848138.91431	14.81108	1.2216
114848148.9143	11.28463	1.0663
114848158.9143	11.38538	1.07105
114848168.9143	12.09067	1.10372
114848178.9143	13.29974	1.15759
114848188.91429	11.78841	1.08984
114848198.91429	10.78085	1.04222
114848208.91429	12.09067	1.10372
114848218.91428	10.27707	1.01758
114848228.91428	13.70276	1.175
114848238.91428	12.09067	1.10372
114848248.91428	12.29219	1.11288
114848258.91427	11.38538	1.07105
114848268.91427	11.08312	1.05673
114848278.91427	14.71032	1.21743
114848288.91426	12.59445	1.12648
114848298.91426	12.69521	1.13098
114848308.91426	15.11334	1.234
114848318.91425	10.6801	1.03734
114848328.91425	14.81108	1.2216
114848338.91425	14.3073	1.20064
114848348.91425	13.60201	1.17067
114848358.91424	14.00503	1.18789
114848368.91424	13.70276	1.175
114848378.91424	14.60956	1.21326
114848388.91423	11.98992	1.09911
114848398.91423	12.09067	1.10372
114848408.91423	14.00503	1.18789
114848418.91423	13.90427	1.18361
114848428.91422	13.4005	1.16197
114848438.91422	12.19143	1.10831
114848448.91422	12.39294	1.11743
114848458.91421	15.2141	1.23811
114848468.91421	12.89672	1.13992
114848478.91421	12.89672	1.13992
114848488.9142	15.41561	1.24628
114848498.9142	13.4005	1.16197
114848508.9142	12.4937	1.12197
114848518.91419	13.90427	1.18361
114848528.91419	12.29219	1.11288
114848538.91419	13.4005	1.16197
114848548.91419	13.50125	1.16633
114848558.91418	13.50125	1.16633
114848568.91418	12.09067	1.10372
114848578.91418	12.39294	1.11743
114848588.91417	14.60956	1.21326
114848598.91417	16.82619	1.30205
114848608.91417	13.70276	1.175
114848618.91416	14.00503	1.18789
114848628.91416	12.69521	1.13098
114848638.91416	11.78841	1.08984
114848648.91415	11.98992	1.09911
114848658.91415	12.4937	1.12197
114848668.91415	14.50881	1.20907
114848678.91414	11.88916	1.09449
114848688.91414	11.78841	1.08984
114848698.91414	12.19143	1.10831
114848708.91413	12.59445	1.12648
114848718.91413	12.89672	1.13992
114848728.91413	11.68765	1.08517
114848738.91412	13.90427	1.18361
114848748.91412	10.57934	1.03244
114848758.91412	12.79596	1.13546
114848768.91411	14.00503	1.18789
114848778.91411	11.78841	1.08984
114848788.91411	10.07556	1.00756
114848798.9141	14.60956	1.21326
114848808.9141	11.48614	1.07578
114848818.9141	11.5869	1.08048
114848828.91409	12.09067	1.10372
114848838.91409	12.09067	1.10372
114848848.91409	9.97481	1.00251
114848858.91408	10.37783	1.02256
114848868.91408	12.19143	1.10831
114848878.91408	10.98236	1.05192
114848888.91407	13.09823	1.14879
114848898.91407	11.5869	1.08048
114848908.91407	12.69521	1.13098
114848918.91406	12.69521	1.13098
114848928.91406	9.57178	0.98204
114848938.91406	13.4005	1.16197
114848948.91405	12.39294	1.11743
114848958.91405	14.10579	1.19216
114848968.91405	11.38538	1.07105
114848978.91404	12.69521	1.13098
114848988.91404	11.5869	1.08048
114848998.91404	13.09823	1.14879
114849008.91403	12.09067	1.10372
114849018.91403	11.28463	1.0663
114849028.91403	10.88161	1.04708
114849038.91402	12.19143	1.10831
114849048.91402	12.39294	1.11743
114849058.91402	10.17632	1.01258
114849068.91401	11.38538	1.07105
114849078.91401	11.98992	1.09911
114849088.91401	12.99747	1.14436
114849098.914	12.09067	1.10372
114849108.914	14.20654	1.19641
114849118.91399	13.4005	1.16197
114849128.91399	11.18387	1.06153
114849138.91399	13.70276	1.175
114849148.91398	14.60956	1.21326
114849158.91398	15.31485	1.2422
114849168.91398	12.59445	1.12648
114849178.91397	12.89672	1.13992
114849188.91397	13.80352	1.17931
114849198.91397	13.29974	1.15759
114849208.91396	12.99747	1.14436
114849218.91396	12.4937	1.12197
114849228.91396	11.08312	1.05673
114849238.91395	12.39294	1.11743
114849248.91395	11.48614	1.07578
114849258.91394	11.88916	1.09449
114849268.91394	10.57934	1.03244
114849278.91394	11.68765	1.08517
114849288.91393	14.3073	1.20064
114849298.91393	11.98992	1.09911
114849308.91393	15.2141	1.23811
114849318.91392	17.22921	1.31755
114849328.91392	10.88161	1.04708
114849338.91391	13.09823	1.14879
114849348.91391	14.00503	1.18789
114849358.91391	13.09823	1.14879
114849368.9139	11.88916	1.09449
114849378.9139	13.19899	1.1532
114849388.9139	13.29974	1.15759
114849398.91389	11.5869	1.08048
114849408.91389	12.4937	1.12197
114849418.91388	10.88161	1.04708
114849428.91388	14.20654	1.19641
114849438.91388	14.20654	1.19641
114849448.91387	11.98992	1.09911
114849458.91387	11.68765	1.08517
114849468.91387	13.80352	1.17931
114849478.91386	13.50125	1.16633
114849488.91386	15.01259	1.22988
114849498.91385	12.09067	1.10372
114849508.91385	14.71032	1.21743
114849518.91385	14.20654	1.19641
114849528.91384	13.09823	1.14879
114849538.91384	9.87405	0.99743
114849548.91383	12.89672	1.13992
114849558.91383	12.39294	1.11743
114849568.91383	14.3073	1.20064
114849578.91382	11.38538	1.07105
114849588.91382	11.68765	1.08517
114849598.91381	12.19143	1.10831
114849608.91381	12.59445	1.12648
114849618.91381	11.98992	1.09911
114849628.9138	10.57934	1.03244
114849638.9138	12.4937	1.12197
114849648.9138	11.78841	1.08984
114849658.91379	13.60201	1.17067
114849668.91379	14.81108	1.2216
114849678.91378	13.90427	1.18361
114849688.91378	14.10579	1.19216
114849698.91378	12.09067	1.10372
114849708.91377	11.48614	1.07578
114849718.91377	12.4937	1.12197
114849728.91376	12.4937	1.12197
114849738.91376	13.09823	1.14879
114849748.91376	11.78841	1.08984
114849758.91375	11.78841	1.08984
114849768.91375	12.59445	1.12648
114849778.91374	11.18387	1.06153
114849788.91374	11.08312	1.05673
114849798.91373	13.50125	1.16633
114849808.91373	11.5869	1.08048
114849818.91373	13.60201	1.17067
114849828.91372	14.3073	1.20064
114849838.91372	12.59445	1.12648
114849848.91371	12.39294	1.11743
114849858.91371	11.48614	1.07578
114849868.91371	11.88916	1.09449
114849878.9137	10.98236	1.05192
114849888.9137	11.38538	1.07105
114849898.91369	12.29219	1.11288
114849908.91369	12.79596	1.13546
114849918.91369	11.28463	1.0663
114849928.91368	11.08312	1.05673
114849938.91368	12.09067	1.10372
114849948.91367	11.98992	1.09911
114849958.91367	12.19143	1.10831
114849968.91366	13.4005	1.16197
114849978.91366	10.37783	1.02256
114849988.91366	13.19899	1.1532
114849998.91365	11.68765	1.08517
114850008.91365	14.20654	1.19641
114850018.91364	10.27707	1.01758
114850028.91364	11.88916	1.09449
114850038.91363	13.29974	1.15759
114850048.91363	12.39294	1.11743
114850058.91363	10.78085	1.04222
114850068.91362	12.79596	1.13546
114850078.91362	12.4937	1.12197
114850088.91361	11.08312	1.05673
114850098.91361	11.48614	1.07578
114850108.9136	12.4937	1.12197
114850118.9136	10.07556	1.00756
114850128.9136	14.00503	1.18789
114850138.91359	13.80352	1.17931
114850148.91359	10.57934	1.03244
114850158.91358	14.10579	1.19216
114850168.91358	13.70276	1.175
114850178.91357	12.29219	1.11288
114850188.91357	14.20654	1.19641
114850198.91357	11.78841	1.08984
114850208.91356	11.48614	1.07578
114850218.91356	11.98992	1.09911
114850228.91355	11.28463	1.0663
114850238.91355	11.08312	1.05673
114850248.91354	13.60201	1.17067
114850258.91354	11.78841	1.08984
114850268.91353	11.78841	1.08984
114850278.91353	11.5869	1.08048
114850288.91353	12.29219	1.11288
114850298.91352	13.90427	1.18361
114850308.91352	13.4005	1.16197
114850318.91351	13.29974	1.15759
114850328.91351	13.90427	1.18361
114850338.9135	13.29974	1.15759
114850348.9135	12.19143	1.10831
114850358.91349	12.09067	1.10372
114850368.91349	13.80352	1.17931
114850378.91349	11.98992	1.09911
114850388.91348	11.48614	1.07578
114850398.91348	14.91183	1.22574
114850408.91347	13.19899	1.1532
114850418.91347	14.91183	1.22574
114850428.91346	14.00503	1.18789
114850438.91346	12.59445	1.12648
114850448.91345	11.48614	1.07578
114850458.91345	11.28463	1.0663
114850468.91344	10.78085	1.04222
114850478.91344	9.77329	0.99233
114850488.91343	11.18387	1.06153
114850498.91343	12.19143	1.10831
114850508.91343	12.19143	1.10831
114850518.91342	12.09067	1.10372
114850528.91342	11.68765	1.08517
114850538.91341	10.88161	1.04708
114850548.91341	11.5869	1.08048
114850558.9134	11.5869	1.08048
114850568.9134	11.08312	1.05673
114850578.91339	13.60201	1.17067
114850588.91339	15.31485	1.2422
114850598.91338	10.37783	1.02256
114850608.91338	12.89672	1.13992
114850618.91337	13.90427	1.18361
114850628.91337	12.4937	1.12197
114850638.91336	12.4937	1.12197
114850648.91336	14.00503	1.18789
114850658.91336	14.20654	1.19641
114850668.91335	12.4937	1.12197
114850678.91335	14.81108	1.2216
114850688.91334	12.4937	1.12197
114850698.91334	12.79596	1.13546
114850708.91333	14.81108	1.2216
114850718.91333	15.41561	1.24628
114850728.91332	12.09067	1.10372
114850738.91332	13.90427	1.18361
114850748.91331	13.80352	1.17931
114850758.91331	15.91939	1.26648
114850768.9133	15.81863	1.26246
114850778.9133	15.41561	1.24628
114850788.91329	17.43072	1.32523
114850798.91329	14.71032	1.21743
114850808.91328	14.40805	1.20486
114850818.91328	15.31485	1.2422
114850828.91327	16.32241	1.28241
114850838.91327	16.22165	1.27845
114850848.91326	15.11334	1.234
114850858.91326	15.31485	1.2422
114850868.91325	15.11334	1.234
114850878.91325	15.31485	1.2422
114850888.91324	16.52392	1.2903
114850898.91324	14.50881	1.20907
114850908.91323	14.81108	1.2216
114850918.91323	17.0277	1.30982
114850928.91322	17.0277	1.30982
114850938.91322	16.42317	1.28636
114850948.91321	18.33752	1.35927
114850958.91321	15.71788	1.25844
114850968.9132	14.91183	1.22574
114850978.9132	14.81108	1.2216
114850988.91319	14.10579	1.19216
114850998.91319	16.02014	1.27048
114851008.91318	14.00503	1.18789
114851018.91318	16.02014	1.27048
114851028.91317	13.90427	1.18361
114851038.91317	15.11334	1.234
114851048.91316	14.00503	1.18789
114851058.91316	15.01259	1.22988
114851068.91315	14.50881	1.20907
114851078.91315	13.90427	1.18361
114851088.91314	17.32997	1.3214
114851098.91314	14.40805	1.20486
114851108.91313	14.3073	1.20064
114851118.91313	16.22165	1.27845
114851128.91312	12.4937	1.12197
114851138.91312	13.70276	1.175
114851148.91311	12.59445	1.12648
114851158.91311	14.50881	1.20907
114851168.9131	14.00503	1.18789
114851178.9131	12.89672	1.13992
114851188.91309	11.68765	1.08517
114851198.91309	11.38538	1.07105
114851208.91308	11.98992	1.09911
114851218.91308	13.09823	1.14879
114851228.91307	12.39294	1.11743
114851238.91307	11.08312	1.05673
114851248.91306	14.10579	1.19216
114851258.91306	9.77329	0.99233
114851268.91305	14.40805	1.20486
114851278.91305	12.69521	1.13098
114851288.91304	12.09067	1.10372
114851298.91304	12.99747	1.14436
114851308.91303	10.6801	1.03734
114851318.91303	11.88916	1.09449
114851328.91302	15.11334	1.234
114851338.91301	10.17632	1.01258
114851348.91301	14.3073	1.20064
114851358.913	10.88161	1.04708
114851368.913	14.50881	1.20907
114851378.91299	12.29219	1.11288
114851388.91299	12.39294	1.11743
114851398.91298	12.09067	1.10372
114851408.91298	12.39294	1.11743
114851418.91297	11.68765	1.08517
114851428.91297	12.89672	1.13992
114851438.91296	11.68765	1.08517
114851448.91296	12.4937	1.12197
114851458.91295	13.19899	1.1532
114851468.91295	11.68765	1.08517
114851478.91294	12.59445	1.12648
114851488.91293	12.4937	1.12197
114851498.91293	12.59445	1.12648
114851508.91292	11.5869	1.08048
114851518.91292	13.90427	1.18361
114851528.91291	11.28463	1.0663
114851538.91291	13.4005	1.16197
114851548.9129	11.88916	1.09449
114851558.9129	13.50125	1.16633
114851568.91289	13.29974	1.15759
114851578.91289	13.29974	1.15759
114851588.91288	14.91183	1.22574
114851598.91287	14.81108	1.2216
114851608.91287	13.4005	1.16197
114851618.91286	12.4937	1.12197
114851628.91286	13.90427	1.18361
114851638.91285	15.31485	1.2422
114851648.91285	15.51636	1.25034
114851658.91284	14.3073	1.20064
114851668.91284	15.41561	1.24628
114851678.91283	13.60201	1.17067
114851688.91283	13.09823	1.14879
114851698.91282	13.80352	1.17931
114851708.91281	12.4937	1.12197
114851718.91281	14.20654	1.19641
114851728.9128	13.29974	1.15759
114851738.9128	12.59445	1.12648
114851748.91279	13.60201	1.17067
114851758.91279	11.5869	1.08048
114851768.91278	12.09067	1.10372
114851778.91277	11.38538	1.07105
114851788.91277	10.6801	1.03734
114851798.91276	13.29974	1.15759
114851808.91276	12.4937	1.12197
114851818.91275	10.98236	1.05192
114851828.91275	11.38538	1.07105
114851838.91274	14.71032	1.21743
114851848.91274	12.59445	1.12648
114851858.91273	14.20654	1.19641
114851868.91272	13.09823	1.14879
114851878.91272	14.10579	1.19216
114851888.91271	17.0277	1.30982
114851898.91271	14.50881	1.20907
114851908.9127	13.90427	1.18361
114851918.9127	13.50125	1.16633
114851928.91269	13.4005	1.16197
114851938.91268	14.91183	1.22574
114851948.91268	14.81108	1.2216
114851958.91267	11.68765	1.08517
114851968.91267	14.40805	1.20486
114851978.91266	13.60201	1.17067
114851988.91266	16.42317	1.28636
114851998.91265	14.71032	1.21743
114852008.91264	12.4937	1.12197
114852018.91264	14.10579	1.19216
114852028.91263	14.10579	1.19216
114852038.91263	13.90427	1.18361
114852048.91262	13.50125	1.16633
114852058.91261	15.51636	1.25034
114852068.91261	15.71788	1.25844
114852078.9126	18.23677	1.35553
114852088.9126	13.90427	1.18361
114852098.91259	13.90427	1.18361
114852108.91259	17.83374	1.34047
114852118.91258	17.63223	1.33287
114852128.91257	15.01259	1.22988
114852138.91257	17.32997	1.3214
114852148.91256	16.52392	1.2903
114852158.91256	15.71788	1.25844
114852168.91255	16.82619	1.30205
114852178.91254	16.82619	1.30205
114852188.91254	17.0277	1.30982
114852198.91253	17.12845	1.31369
114852208.91253	16.82619	1.30205
114852218.91252	14.50881	1.20907
114852228.91251	15.51636	1.25034
114852238.91251	14.40805	1.20486
114852248.9125	18.53903	1.36672
114852258.9125	13.50125	1.16633
114852268.91249	17.12845	1.31369
114852278.91248	14.40805	1.20486
114852288.91248	16.82619	1.30205
114852298.91247	16.52392	1.2903
114852308.91247	15.41561	1.24628
114852318.91246	15.61712	1.2544
114852328.91245	14.71032	1.21743
114852338.91245	16.42317	1.28636
114852348.91244	16.52392	1.2903
114852358.91244	15.81863	1.26246
114852368.91243	16.52392	1.2903
114852378.91242	19.04281	1.38516
114852388.91242	16.1209	1.27447
114852398.91241	16.82619	1.30205
114852408.91241	17.73299	1.33667
114852418.9124	16.92694	1.30594
114852428.91239	17.0277	1.30982
114852438.91239	16.82619	1.30205
114852448.91238	16.22165	1.27845
114852458.91237	15.2141	1.23811
114852468.91237	14.60956	1.21326
114852478.91236	15.61712	1.2544
114852488.91236	17.73299	1.33667
114852498.91235	15.81863	1.26246
114852508.91234	17.83374	1.34047
114852518.91234	15.61712	1.2544
114852528.91233	17.63223	1.33287
114852538.91233	16.1209	1.27447
114852548.91232	18.13601	1.35178
114852558.91231	16.42317	1.28636
114852568.91231	17.83374	1.34047
114852578.9123	18.63979	1.37042
114852588.91229	17.9345	1.34425
114852598.91229	14.71032	1.21743
114852608.91228	16.42317	1.28636
114852618.91228	14.81108	1.2216
114852628.91227	16.1209	1.27447
114852638.91226	16.92694	1.30594
114852648.91226	15.31485	1.2422
114852658.91225	16.52392	1.2903
114852668.91224	15.41561	1.24628
114852678.91224	16.1209	1.27447
114852688.91223	17.12845	1.31369
114852698.91222	17.63223	1.33287
114852708.91222	17.12845	1.31369
114852718.91221	15.11334	1.234
114852728.91221	16.1209	1.27447
114852738.9122	16.1209	1.27447
114852748.91219	13.19899	1.1532
114852758.91219	17.43072	1.32523
114852768.91218	15.71788	1.25844
114852778.91217	11.08312	1.05673
114852788.91217	14.00503	1.18789
114852798.91216	13.80352	1.17931
114852808.91215	17.0277	1.30982
114852818.91215	16.22165	1.27845
114852828.91214	16.92694	1.30594
114852838.91214	17.73299	1.33667
114852848.91213	16.92694	1.30594
114852858.91212	16.42317	1.28636
114852868.91212	18.94206	1.38149
114852878.91211	15.51636	1.25034
114852888.9121	19.94961	1.41776
114852898.9121	16.62468	1.29423
114852908.91209	17.73299	1.33667
114852918.91208	16.52392	1.2903
114852928.91208	15.01259	1.22988
114852938.91207	14.50881	1.20907
114852948.91206	16.92694	1.30594
114852958.91206	17.12845	1.31369
114852968.91205	14.71032	1.21743
114852978.91204	14.91183	1.22574
114852988.91204	17.32997	1.3214
114852998.91203	16.52392	1.2903
114853008.91202	14.3073	1.20064
114853018.91202	17.12845	1.31369
114853028.91201	14.71032	1.21743
114853038.912	17.63223	1.33287
114853048.912	16.02014	1.27048
114853058.91199	17.22921	1.31755
114853068.91198	17.0277	1.30982
114853078.91198	15.81863	1.26246
114853088.91197	15.71788	1.25844
114853098.91196	15.31485	1.2422
114853108.91196	17.0277	1.30982
114853118.91195	16.72543	1.29815
114853128.91194	17.63223	1.33287
114853138.91194	17.0277	1.30982
114853148.91193	16.62468	1.29423
114853158.91192	16.02014	1.27048
114853168.91192	15.61712	1.2544
114853178.91191	15.91939	1.26648
114853188.9119	16.22165	1.27845
114853198.9119	19.24432	1.39247
114853208.91189	17.73299	1.33667
114853218.91188	16.42317	1.28636
114853228.91188	17.0277	1.30982
114853238.91187	15.51636	1.25034
114853248.91186	16.42317	1.28636
114853258.91186	18.8413	1.37781
114853268.91185	17.12845	1.31369
114853278.91184	18.23677	1.35553
114853288.91184	19.24432	1.39247
114853298.91183	17.12845	1.31369
114853308.91182	17.43072	1.32523
114853318.91182	16.62468	1.29423
114853328.91181	16.02014	1.27048
114853338.9118	15.51636	1.25034
114853348.9118	20.15112	1.4249
114853358.91179	15.61712	1.2544
114853368.91178	18.8413	1.37781
114853378.91178	18.53903	1.36672
114853388.91177	17.83374	1.34047
114853398.91176	15.31485	1.2422
114853408.91175	18.23677	1.35553
114853418.91175	16.82619	1.30205
114853428.91174	17.0277	1.30982
114853438.91173	19.54659	1.40336
114853448.91173	17.83374	1.34047
114853458.91172	17.73299	1.33667
114853468.91171	18.63979	1.37042
114853478.91171	18.94206	1.38149
114853488.9117	17.43072	1.32523
114853498.91169	18.74054	1.37412
114853508.91168	17.9345	1.34425
114853518.91168	18.13601	1.35178
114853528.91167	19.7481	1.41058
114853538.91166	17.73299	1.33667
114853548.91166	19.04281	1.38516
114853558.91165	17.12845	1.31369
114853568.91164	14.71032	1.21743
114853578.91164	17.0277	1.30982
114853588.91163	16.02014	1.27048
114853598.91162	17.83374	1.34047
114853608.91161	19.14357	1.38882
114853618.91161	20.6549	1.4426
114853628.9116	17.53148	1.32906
114853638.91159	13.4005	1.16197
114853648.91159	18.23677	1.35553
114853658.91158	19.04281	1.38516
114853668.91157	18.03526	1.34802
114853678.91156	15.01259	1.22988
114853688.91156	17.73299	1.33667
114853698.91155	17.63223	1.33287
114853708.91154	15.81863	1.26246
114853718.91154	18.03526	1.34802
114853728.91153	14.71032	1.21743
114853738.91152	15.01259	1.22988
114853748.91151	16.62468	1.29423
114853758.91151	18.03526	1.34802
114853768.9115	16.92694	1.30594
114853778.91149	15.01259	1.22988
114853788.91149	17.63223	1.33287
114853798.91148	15.91939	1.26648
114853808.91147	17.53148	1.32906
114853818.91146	18.63979	1.37042
114853828.91146	17.12845	1.31369
114853838.91145	16.62468	1.29423
114853848.91144	15.81863	1.26246
114853858.91144	18.23677	1.35553
114853868.91143	14.60956	1.21326
114853878.91142	16.22165	1.27845
114853888.91141	16.52392	1.2903
114853898.91141	14.3073	1.20064
114853908.9114	17.12845	1.31369
114853918.91139	17.53148	1.32906
114853928.91138	15.81863	1.26246
114853938.91138	15.2141	1.23811
114853948.91137	17.32997	1.3214
114853958.91136	18.43828	1.363
114853968.91136	17.73299	1.33667
114853978.91135	15.61712	1.2544
114853988.91134	16.1209	1.27447
114853998.91133	16.62468	1.29423
114854008.91133	17.0277	1.30982
114854018.91132	19.04281	1.38516
114854028.91131	17.73299	1.33667
114854038.9113	17.12845	1.31369
114854048.9113	16.72543	1.29815
114854058.91129	18.33752	1.35927
114854068.91128	14.3073	1.20064
114854078.91127	14.81108	1.2216
114854088.91127	16.82619	1.30205
114854098.91126	14.20654	1.19641
114854108.91125	14.60956	1.21326
114854118.91124	15.01259	1.22988
114854128.91124	16.62468	1.29423
114854138.91123	14.50881	1.20907
114854148.91122	13.4005	1.16197
114854158.91121	16.32241	1.28241
114854168.91121	16.32241	1.28241
114854178.9112	16.82619	1.30205
114854188.91119	15.91939	1.26648
114854198.91118	14.20654	1.19641
114854208.91118	16.42317	1.28636
114854218.91117	16.82619	1.30205
114854228.91116	16.22165	1.27845
114854238.91115	18.74054	1.37412
114854248.91115	16.62468	1.29423
114854258.91114	15.41561	1.24628
114854268.91113	15.31485	1.2422
114854278.91112	14.60956	1.21326
114854288.91112	18.33752	1.35927
114854298.91111	14.81108	1.2216
114854308.9111	15.71788	1.25844
114854318.91109	16.1209	1.27447
114854328.91109	16.72543	1.29815
114854338.91108	15.61712	1.2544
114854348.91107	15.91939	1.26648
114854358.91106	17.22921	1.31755
114854368.91105	13.70276	1.175
114854378.91105	16.02014	1.27048
114854388.91104	13.4005	1.16197
114854398.91103	18.63979	1.37042
114854408.91102	14.91183	1.22574
114854418.91102	16.1209	1.27447
114854428.91101	16.02014	1.27048
114854438.911	17.12845	1.31369
114854448.91099	17.63223	1.33287
114854458.91099	14.10579	1.19216
114854468.91098	13.19899	1.1532
114854478.91097	15.91939	1.26648
114854488.91096	13.70276	1.175
114854498.91095	14.60956	1.21326
114854508.91095	13.60201	1.17067
114854518.91094	14.10579	1.19216
114854528.91093	12.4937	1.12197
114854538.91092	17.63223	1.33287
114854548.91092	17.43072	1.32523
114854558.91091	16.32241	1.28241
114854568.9109	13.09823	1.14879
114854578.91089	15.51636	1.25034
114854588.91088	17.32997	1.3214
114854598.91088	15.01259	1.22988
114854608.91087	15.91939	1.26648
114854618.91086	17.22921	1.31755
114854628.91085	15.2141	1.23811
114854638.91084	16.1209	1.27447
114854648.91084	14.91183	1.22574
114854658.91083	13.70276	1.175
114854668.91082	14.10579	1.19216
114854678.91081	13.90427	1.18361
114854688.91081	14.40805	1.20486
114854698.9108	13.4005	1.16197
114854708.91079	14.81108	1.2216
114854718.91078	14.10579	1.19216
114854728.91077	14.40805	1.20486
114854738.91077	13.09823	1.14879
114854748.91076	12.89672	1.13992
114854758.91075	11.08312	1.05673
114854768.91074	12.39294	1.11743
114854778.91073	12.89672	1.13992
114854788.91073	9.87405	0.99743
114854798.91072	10.78085	1.04222
114854808.91071	11.98992	1.09911
114854818.9107	13.60201	1.17067
114854828.91069	10.57934	1.03244
114854838.91069	11.88916	1.09449
114854848.91068	11.88916	1.09449
114854858.91067	12.19143	1.10831
114854868.91066	12.69521	1.13098
114854878.91065	11.68765	1.08517
114854888.91065	11.28463	1.0663
114854898.91064	11.88916	1.09449
114854908.91063	10.47858	1.02751
114854918.91062	12.59445	1.12648
114854928.91061	12.19143	1.10831
114854938.9106	12.29219	1.11288
114854948.9106	12.89672	1.13992
114854958.91059	11.18387	1.06153
114854968.91058	13.60201	1.17067
114854978.91057	12.99747	1.14436
114854988.91056	13.4005	1.16197
114854998.91056	12.79596	1.13546
114855008.91055	13.90427	1.18361
114855018.91054	14.50881	1.20907
114855028.91053	11.38538	1.07105
114855038.91052	12.19143	1.10831
114855048.91051	10.98236	1.05192
114855058.91051	13.90427	1.18361
114855068.9105	14.71032	1.21743
114855078.91049	15.31485	1.2422
114855088.91048	12.39294	1.11743
114855098.91047	13.4005	1.16197
114855108.91047	11.68765	1.08517
114855118.91046	12.69521	1.13098
114855128.91045	14.00503	1.18789
114855138.91044	13.4005	1.16197
114855148.91043	13.29974	1.15759
114855158.91042	14.20654	1.19641
114855168.91042	14.20654	1.19641
114855178.91041	12.09067	1.10372
114855188.9104	11.48614	1.07578
114855198.91039	13.19899	1.1532
114855208.91038	13.80352	1.17931
114855218.91037	12.79596	1.13546
114855228.91037	13.70276	1.175
114855238.91036	11.48614	1.07578
114855248.91035	12.99747	1.14436
114855258.91034	12.19143	1.10831
114855268.91033	11.68765	1.08517
114855278.91032	10.37783	1.02256
114855288.91032	11.88916	1.09449
114855298.91031	11.08312	1.05673
114855308.9103	9.67254	0.9872
114855318.91029	11.38538	1.07105
114855328.91028	11.18387	1.06153
114855338.91027	11.78841	1.08984
114855348.91026	11.78841	1.08984
114855358.91026	13.50125	1.16633
114855368.91025	13.50125	1.16633
114855378.91024	13.09823	1.14879
114855388.91023	12.39294	1.11743
114855398.91022	11.28463	1.0663
114855408.91021	11.28463	1.0663
114855418.91021	13.90427	1.18361
114855428.9102	11.68765	1.08517
114855438.91019	14.10579	1.19216
114855448.91018	11.28463	1.0663
114855458.91017	13.29974	1.15759
114855468.91016	14.3073	1.20064
114855478.91015	12.99747	1.14436
114855488.91015	12.79596	1.13546
114855498.91014	12.29219	1.11288
114855508.91013	14.10579	1.19216
114855518.91012	15.11334	1.234
114855528.91011	13.29974	1.15759
114855538.9101	13.70276	1.175
114855548.91009	13.4005	1.16197
114855558.91009	16.72543	1.29815
114855568.91008	15.11334	1.234
114855578.91007	13.19899	1.1532
114855588.91006	12.79596	1.13546
114855598.91005	13.70276	1.175
114855608.91004	14.40805	1.20486
114855618.91003	16.22165	1.27845
114855628.91002	12.19143	1.10831
114855638.91002	13.50125	1.16633
114855648.91001	14.50881	1.20907
114855658.91	16.62468	1.29423
114855668.90999	15.81863	1.26246
114855678.90998	14.60956	1.21326
114855688.90997	13.80352	1.17931
114855698.90996	13.70276	1.175
114855708.90995	13.90427	1.18361
114855718.90995	13.60201	1.17067
114855728.90994	17.98285	5.1912
305393311.70019	9.93439	2.07146
305393321.69999	9.75708	0.99583
305393331.69979	8.63908	0.93704
305393341.69959	8.94399	0.95343
305393351.69939	10.57017	1.03649
305393361.6992	7.82599	0.89185
305393371.699	9.85872	1.001
305393381.6988	10.46854	1.0315
305393391.6986	10.57017	1.03649
305393401.6984	10.26526	1.02143
305393411.6982	9.65544	0.99063
305393421.69801	8.94399	0.95343
305393431.69781	8.43581	0.92595
305393441.69761	8.33417	0.92036
305393451.69741	9.04563	0.95883
305393461.69721	10.26526	1.02143
305393471.69702	8.1309	0.90906
305393481.69682	8.33417	0.92036
305393491.69662	9.14726	0.96421
305393501.69642	9.35054	0.97486
305393511.69622	8.33417	0.92036
305393521.69602	9.65544	0.99063
305393531.69583	9.14726	0.96421
305393541.69563	8.94399	0.95343
305393551.69543	9.14726	0.96421
305393561.69523	9.14726	0.96421
305393571.69503	9.96035	1.00615
305393581.69484	8.84235	0.948
305393591.69464	8.74072	0.94254
305393601.69444	9.85872	1.001
305393611.69424	10.16363	1.01636
305393621.69404	8.43581	0.92595
305393631.69384	8.74072	0.94254
305393641.69365	8.53745	0.93151
305393651.69345	7.72436	0.88604
305393661.69325	9.04563	0.95883
305393671.69305	8.63908	0.93704
305393681.69285	7.82599	0.89185
305393691.69265	8.63908	0.93704
305393701.69246	8.33417	0.92036
305393711.69226	7.92763	0.89763
305393721.69206	10.77344	1.04641
305393731.69186	8.94399	0.95343
305393741.69166	9.2489	0.96955
305393751.69147	9.35054	0.97486
305393761.69127	9.75708	0.99583
305393771.69107	10.57017	1.03649
305393781.69087	5.69163	0.76058
305393791.69067	8.94399	0.95343
305393801.69047	7.21617	0.8564
305393811.69028	7.92763	0.89763
305393821.69008	8.84235	0.948
305393831.68988	8.1309	0.90906
305393841.68968	7.52108	0.87431
305393851.68948	10.87508	1.05133
305393861.68928	7.62272	0.8802
305393871.68909	8.02926	0.90336
305393881.68889	7.92763	0.89763
305393891.68869	9.45217	0.98014
305393901.68849	9.85872	1.001
305393911.68829	7.82599	0.89185
305393921.68809	9.75708	0.99583
305393931.6879	10.46854	1.0315
305393941.6877	6.91127	0.83811
305393951.6875	9.55381	0.9854
305393961.6873	9.75708	0.99583
305393971.6871	9.45217	0.98014
305393981.6869	8.23254	0.91473
305393991.68671	9.35054	0.97486
305394001.68651	10.46854	1.0315
305394011.68631	8.94399	0.95343
305394021.68611	9.35054	0.97486
305394031.68591	7.31781	0.86241
305394041.68571	8.02926	0.90336
305394051.68552	10.57017	1.03649
305394061.68532	9.35054	0.97486
305394071.68512	10.16363	1.01636
305394081.68492	8.74072	0.94254
305394091.68472	10.26526	1.02143
305394101.68452	8.74072	0.94254
305394111.68433	8.02926	0.90336
305394121.68413	9.85872	1.001
305394131.68393	11.4849	1.08041
305394141.68373	9.35054	0.97486
305394151.68353	10.57017	1.03649
305394161.68333	10.3669	1.02648
305394171.68314	9.35054	0.97486
305394181.68294	10.57017	1.03649
305394191.68274	9.14726	0.96421
305394201.68254	9.14726	0.96421
305394211.68234	7.72436	0.88604
305394221.68214	7.41945	0.86838
305394231.68195	8.84235	0.948
305394241.68175	8.63908	0.93704
305394251.68155	8.33417	0.92036
305394261.68135	8.63908	0.93704
305394271.68115	9.14726	0.96421
305394281.68095	8.53745	0.93151
305394291.68076	9.14726	0.96421
305394301.68056	7.72436	0.88604
305394311.68036	10.3669	1.02648
305394321.68016	7.62272	0.8802
305394331.67996	8.1309	0.90906
305394341.67976	9.85872	1.001
305394351.67957	7.31781	0.86241
305394361.67937	9.85872	1.001
305394371.67917	9.55381	0.9854
305394381.67897	8.94399	0.95343
305394391.67877	9.14726	0.96421
305394401.67857	9.55381	0.9854
305394411.67838	9.75708	0.99583
305394421.67818	9.55381	0.9854
305394431.67798	7.11454	0.85035
305394441.67778	9.85872	1.001
305394451.67758	8.63908	0.93704
305394461.67738	11.99308	1.10405
305394471.67718	9.65544	0.99063
305394481.67699	9.65544	0.99063
305394491.67679	8.53745	0.93151
305394501.67659	6.09818	0.78727
305394511.67639	8.84235	0.948
305394521.67619	8.74072	0.94254
305394531.67599	10.06199	1.01127
305394541.6758	9.65544	0.99063
305394551.6756	9.04563	0.95883
305394561.6754	6.80963	0.83193
305394571.6752	8.43581	0.92595
305394581.675	8.02926	0.90336
305394591.6748	9.04563	0.95883
305394601.6746	7.72436	0.88604
305394611.67441	8.74072	0.94254
305394621.67421	7.92763	0.89763
305394631.67401	8.94399	0.95343
305394641.67381	8.74072	0.94254
305394651.67361	8.74072	0.94254
305394661.67341	9.96035	1.00615
305394671.67322	8.1309	0.90906
305394681.67302	8.23254	0.91473
305394691.67282	11.38326	1.07562
305394701.67262	9.65544	0.99063
305394711.67242	6.50472	0.81309
305394721.67222	9.65544	0.99063
305394731.67202	9.35054	0.97486
305394741.67183	8.84235	0.948
305394751.67163	11.17999	1.06597
305394761.67143	10.16363	1.01636
305394771.67123	8.1309	0.90906
305394781.67103	9.04563	0.95883
305394791.67083	8.94399	0.95343
305394801.67064	8.94399	0.95343
305394811.67044	9.14726	0.96421
305394821.67024	9.96035	1.00615
305394831.67004	6.80963	0.83193
305394841.66984	10.16363	1.01636
305394851.66964	10.06199	1.01127
305394861.66944	8.1309	0.90906
305394871.66925	9.96035	1.00615
305394881.66905	11.07835	1.06111
305394891.66885	9.85872	1.001
305394901.66865	9.04563	0.95883
305394911.66845	9.2489	0.96955
305394921.66825	9.85872	1.001
305394931.66805	8.43581	0.92595
305394941.66786	9.85872	1.001
305394951.66766	7.82599	0.89185
305394961.66746	9.45217	0.98014
305394971.66726	8.43581	0.92595
305394981.66706	9.85872	1.001
305394991.66686	9.45217	0.98014
305395001.66666	9.35054	0.97486
305395011.66647	8.74072	0.94254
305395021.66627	8.1309	0.90906
305395031.66607	8.74072	0.94254
305395041.66587	9.85872	1.001
305395051.66567	8.23254	0.91473
305395061.66547	9.45217	0.98014
305395071.66527	8.53745	0.93151
305395081.66508	8.23254	0.91473
305395091.66488	9.2489	0.96955
305395101.66468	9.35054	0.97486
305395111.66448	9.65544	0.99063
305395121.66428	7.21617	0.8564
305395131.66408	11.28163	1.0708
305395141.66388	8.74072	0.94254
305395151.66369	8.74072	0.94254
305395161.66349	6.80963	0.83193
305395171.66329	7.62272	0.8802
305395181.66309	8.94399	0.95343
305395191.66289	10.26526	1.02143
305395201.66269	9.85872	1.001
305395211.66249	7.92763	0.89763
305395221.6623	9.14726	0.96421
305395231.6621	10.67181	1.04146
305395241.6619	9.35054	0.97486
305395251.6617	9.45217	0.98014
305395261.6615	10.26526	1.02143
305395271.6613	8.63908	0.93704
305395281.6611	9.45217	0.98014
305395291.66091	6.91127	0.83811
305395301.66071	9.45217	0.98014
305395311.66051	9.14726	0.96421
305395321.66031	7.72436	0.88604
305395331.66011	9.96035	1.00615
305395341.65991	8.02926	0.90336
305395351.65971	9.75708	0.99583
305395361.65952	10.77344	1.04641
305395371.65932	8.33417	0.92036
305395381.65912	9.55381	0.9854
305395391.65892	9.85872	1.001
305395401.65872	6.91127	0.83811
305395411.65852	9.14726	0.96421
305395421.65832	8.94399	0.95343
305395431.65812	8.53745	0.93151
305395441.65793	9.85872	1.001
305395451.65773	9.35054	0.97486
305395461.65753	9.75708	0.99583
305395471.65733	9.65544	0.99063
305395481.65713	7.92763	0.89763
305395491.65693	9.96035	1.00615
305395501.65673	9.79836	2.13818
423161688.0066	62.76031	3.35468
423161698.00747	58.62291	2.4884
423161708.00833	58.93979	2.49512
423161718.00919	64.43239	2.60879
423161728.01005	60.31294	2.52402
423161738.01092	64.74927	2.6152
423161748.01178	63.58737	2.59163
423161758.01264	64.22113	2.60451
423161768.0135	57.98915	2.47492
423161778.01437	57.03851	2.45455
423161788.01523	51.75716	2.33815
423161798.01609	56.93288	2.45227
423161808.01696	56.616	2.44544
423161818.01782	60.84107	2.53504
423161828.01868	61.36921	2.54602
423161838.01954	58.51728	2.48616
423161848.02041	61.68609	2.55259
423161858.02127	65.59428	2.63221
423161868.02213	68.0237	2.68051
423161878.02299	63.90425	2.59808
423161888.02386	64.00988	2.60022
423161898.02472	64.32676	2.60665
423161908.02558	59.57355	2.5085
423161918.02645	64.32676	2.60665
423161928.02731	61.15795	2.54164
423161938.02817	64.32676	2.60665
423161948.02903	62.5311	2.57001
423161958.0299	59.57355	2.5085
423161968.03076	60.84107	2.53504
423161978.03162	63.16486	2.583
423161988.03248	62.31985	2.56567
423161998.03335	63.27049	2.58516
423162008.03421	59.99606	2.51738
423162018.03507	61.47483	2.54821
423162028.03594	64.53801	2.61093
423162038.0368	66.22804	2.64489
423162048.03766	65.48865	2.63009
423162058.03852	57.98915	2.47492
423162068.03939	65.80554	2.63644
423162078.04025	63.693	2.59378
423162088.04111	60.62982	2.53064
423162098.04197	64.96052	2.61946
423162108.04284	61.79171	2.55477
423162118.0437	68.65746	2.69297
423162128.04456	63.37612	2.58732
423162138.04543	63.16486	2.583
423162148.04629	62.63673	2.57218
423162158.04715	65.80554	2.63644
423162168.04801	64.74927	2.6152
423162178.04888	66.12242	2.64278
423162188.04974	65.80554	2.63644
423162198.0506	61.26358	2.54383
423162208.05146	57.56664	2.46588
423162218.05233	64.64364	2.61306
423162228.05319	66.65055	2.65332
423162238.05405	61.05233	2.53944
423162248.05492	56.72163	2.44772
423162258.05578	57.14413	2.45682
423162268.05664	61.47483	2.54821
423162278.0575	60.62982	2.53064
423162288.05837	58.09477	2.47717
423162298.05923	61.05233	2.53944
423162308.06009	58.62291	2.4884
423162318.06095	63.58737	2.59163
423162328.06182	64.85489	2.61733
423162338.06268	61.58046	2.5504
423162348.06354	63.58737	2.59163
423162358.0644	57.77789	2.4704
423162368.06527	58.51728	2.48616
423162378.06613	59.15104	2.49959
423162388.06699	56.40474	2.44087
423162398.06786	57.67227	2.46815
423162408.06872	61.36921	2.54602
423162418.06958	53.23594	2.37132
423162428.07044	58.2004	2.47942
423162438.07131	58.2004	2.47942
423162448.07217	57.14413	2.45682
423162458.07303	56.40474	2.44087
423162468.07389	58.62291	2.4884
423162478.07476	58.41166	2.48392
423162488.07562	59.99606	2.51738
423162498.07648	59.7848	2.51294
423162508.07734	56.616	2.44544
423162518.07821	56.19349	2.4363
423162528.07907	57.03851	2.45455
423162538.07993	57.67227	2.46815
423162548.08079	54.08095	2.39006
423162558.08166	63.90425	2.59808
423162568.08252	61.89734	2.55696
423162578.08338	55.24285	2.4156
423162588.08425	58.93979	2.49512
423162598.08511	59.25667	2.50182
423162608.08597	58.62291	2.4884
423162618.08683	61.47483	2.54821
423162628.0877	61.58046	2.5504
423162638.08856	60.41857	2.52623
423162648.08942	63.79863	2.59593
423162658.09028	66.01679	2.64067
423162668.09115	67.60119	2.67217
423162678.09201	65.59428	2.63221
423162688.09287	66.65055	2.65332
423162698.09373	68.23495	2.68467
423162708.0946	64.74927	2.6152
423162718.09546	67.49557	2.67008
423162728.09632	65.59428	2.63221
423162738.09718	62.5311	2.57001
423162748.09805	66.54492	2.65121
423162758.09891	65.80554	2.63644
423162768.09977	58.41166	2.48392
423162778.10063	61.36921	2.54602
423162788.1015	66.65055	2.65332
423162798.10236	64.64364	2.61306
423162808.10322	60.73545	2.53284
423162818.10409	61.47483	2.54821
423162828.10495	63.27049	2.58516
423162838.10581	61.36921	2.54602
423162848.10667	59.25667	2.50182
423162858.10754	58.09477	2.47717
423162868.1084	61.89734	2.55696
423162878.10926	61.15795	2.54164
423162888.11012	59.57355	2.5085
423162898.11099	59.15104	2.49959
423162908.11185	64.74927	2.6152
423162918.11271	58.83416	2.49288
423162928.11357	61.26358	2.54383
423162938.11444	57.88352	2.47266
423162948.1153	62.21422	2.56349
423162958.11616	66.01679	2.64067
423162968.11702	67.70682	2.67426
423162978.11789	61.05233	2.53944
423162988.11875	61.89734	2.55696
423162998.11961	61.26358	2.54383
423163008.12047	66.12242	2.64278
423163018.12134	60.10168	2.51959
423163028.1222	61.79171	2.55477
423163038.12306	60.52419	2.52843
423163048.12392	64.11551	2.60237
423163058.12479	63.90425	2.59808
423163068.12565	62.42548	2.56784
423163078.12651	60.9467	2.53724
423163088.12737	64.43239	2.60879
423163098.12824	65.38303	2.62797
423163108.1291	61.36921	2.54602
423163118.12996	65.91116	2.63856
423163128.13082	64.22113	2.60451
423163138.13169	66.01679	2.64067
423163148.13255	58.62291	2.4884
423163158.13341	61.58046	2.5504
423163168.13427	67.28431	2.6659
423163178.13514	60.84107	2.53504
423163188.136	62.5311	2.57001
423163198.13686	65.38303	2.62797
423163208.13772	63.79863	2.59593
423163218.13859	60.57362	3.69324
